timestamp,lapCount,lapTime,distance,speed,throttle,brake,gear,RPM,steer,x,y,z,,timestamp,lapCount,lapTime ms,lapTime str,distance,speed,throttle,brake,gear,RPM,steer,x,y,z,description,,timestamp,lapCount,lapTime ms,lapTime str,distance,speed,throttle,brake,gear,RPM,steer,x,y,z,description,,timestamp,lapCount,lapTime,distance,speed,throttle,brake,gear,RPM,steer,x,y,z,,lc_start-ts_start,lc_end-lc_start,ts_end-lc_end,tslog[next_index][5]
2023-11-28T16:57:45.610323,1,131511,0.5240642428398132,80.43655395507812,0.1269499957561493,0.0,3,5246.99267578125,-0.17999999225139618,5262.06201171875,12.51911735534668,-4390.65771484375,,2023-11-28T16:57:46.783581,1,132687,02:12.7,0,81.59145355,0.1882352977991104,0,3,5342.554688,3.607154607772827,5237.812012,11.991775512695312,-4380.230957,right start,,2023-11-28T16:57:48.289581,1,134193,02:14.2,0,87.52359008789062,0.24705882370471954,0,3,5748.519043,-3.869140625,5205.233398,11.141560554504395,-4366.764648,end SlightCurve,,2023-11-28T16:57:48.574563,1,134475,0.5242798924446106,89.07023620605469,0.24994999170303345,0.0,3,5852.1474609375,-3.869999408721924,5198.94677734375,10.9725341796875,-4363.93798828125,,1.141734,1.506,0.310165,1
2023-11-28T16:57:51.328501,1,137229,0.5245107412338257,102.65800476074219,0.2261500060558319,0.0,3,6725.267578125,-4.679999828338623,5133.58349609375,9.128751754760742,-4330.3330078125,,2023-11-28T16:57:51.687581,1,137591,02:17.6,0,103.43785095214844,0.18431372940540314,0,3,6756,-4.737583637,5124.687988,8.860629081726074,-4325.006836,left start,,2023-11-28T16:57:52.811581,1,138715,02:18.7,0,105.81574249267578,0.20000000298023224,0,4,4793.90625,2.4981250762939453,5097.077148,8.012541770935059,-4307.546875,end SlightCurve,,2023-11-28T16:57:52.838714,1,138741,0.5246478319168091,105.93038177490234,0.20235002040863037,0.0,4,4797.86328125,2.429999589920044,5096.43310546875,7.993031978607178,-4307.142578125,,0.329038,1.124,0.044026,1
2023-11-28T16:57:59.613290,1,145515,0.5252711176872253,108.10633087158203,0.13885000348091125,0.0,4,4887.18359375,0.44999998807907104,4927.5087890625,4.786963939666748,-4203.419921875,,2023-11-28T16:57:59.950581,1,145854,02:25.9,0,108.0737305,0.13725490868091583,0,4,4884,4.6796875,4918.895996,4.771486282348633,-4197.959473,right start,,2023-11-28T16:58:01.312581,1,147216,02:27.2,0,108.80743408203125,0.18431372940540314,0,4,4928,-1.149592519,4883.603516,4.723108768463135,-4177.124023,end,,2023-11-28T16:58:01.491509,1,147393,0.5254479646682739,109.0328369140625,0.18250000476837158,0.0,4,4934.69677734375,-4.994999885559082,4878.9521484375,4.719231128692627,-4174.49755859375,,0.309393,1.362,0.18104,1
2023-11-28T16:58:10.198119,1,156099,0.5262682437896729,110.71829986572266,0.2261500060558319,0.0,4,5021.123046875,-0.26999998092651367,4660.11572265625,5.063746452331543,-4030.08544921875,,2023-11-28T16:58:11.954581,1,157858,02:37.9,0,114.23540496826172,0.2235294133424759,0,4,5178.930176,1.439453125,4614.118164,5.141926288604736,-4000.030273,right start,,2023-11-28T16:58:13.981581,1,159885,02:39.9,0,118.42427825927734,0.2235294133424759,0,4,5367.242676,0,4558.472168,5.199572563171387,-3965.446533,end,,2023-11-28T16:58:14.032828,1,159933,0.5266487002372742,118.58393859863281,0.2261500060558319,0.0,4,5373.56201171875,0.0,4557.14306640625,5.201014995574951,-3964.6015625,,1.741267,2.027,0.078153,1
2023-11-28T16:58:20.803209,1,166704,0.5273547172546387,120.34197998046875,0.13885000348091125,0.0,4,5432.005859375,-1.7999999523162842,4367.287109375,5.317149639129639,-3839.962646484375,,2023-11-28T16:58:22.025581,1,167929,02:47.9,0,119.6818848,0.13725490868091583,0,4,5404,-0.214619905,4334.04248,5.313676834106445,-3816.248535,left start,,2023-11-28T16:58:23.487581,1,169391,02:49.4,0,119.41179656982422,0.1882352977991104,0,4,5400,1.349609375,4294.733887,5.306310176849365,-3787.872559,end,,2023-11-28T16:58:23.780452,1,169680,0.5276620388031006,119.68085479736328,0.19840002059936523,0.0,4,5414.15625,1.2599998712539673,4286.86572265625,5.307718753814697,-3782.3779296875,,1.217622,1.462,0.319868,1
2023-11-28T16:58:36.506259,1,182406,0.5291007161140442,125.66167449951172,0.023800015449523926,0.0,4,5654.00244140625,0.8999999761581421,3900.17626953125,9.078463554382324,-3525.181396484375,,2023-11-28T16:58:37.659581,1,183563,03:03.6,0,121.59898376464844,0.10196078568696976,0,4,5493.03418,1.889648438,3866.689697265625,10.146358489990234,-3503.874268,right start,,2023-11-28T16:58:39.309581,1,185213,03:05.2,0,118.1350098,0.11764705926179886,0,4,5328,-1.853896141,3819.91748,11.410717010498047,-3475.126709,end,,2023-11-28T16:58:39.427070,1,185328,0.5294042229652405,117.9473648071289,0.11904999613761902,0.0,4,5322.52099609375,-1.1249998807907104,3816.755859375,11.485383987426758,-3473.13232421875,,1.139703,1.65,0.12389,1
2023-11-28T16:58:46.989993,1,192891,0.5301632285118103,121.31519317626953,0.21825000643730164,0.0,4,5492.85400390625,0.26999998092651367,3611.541259765625,13.272644996643066,-3337.81982421875,,2023-11-28T16:58:48.938581,1,194842,03:14.8,0,123.6926040649414,0.2078431397676468,0,4,5596,-0.179931641,3556.663330078125,12.707902908325195,-3300.285889,left start,,2023-11-28T16:58:51.549581,1,197453,03:17.5,0,129.3571319580078,0.23137255012989044,0,4,5860,0.37505853176116943,3481.438720703125,11.201925277709961,-3248.000488,end,,2023-11-28T16:58:50.910884,1,196812,0.5305808186531067,127.7750473022461,0.2261500060558319,0.0,4,5787.22802734375,0.3149999678134918,3500.29443359375,11.655301094055176,-3260.9873046875,,1.929693,2.611,-0.61908,1
2023-11-28T16:58:59.739600,1,205641,0.5316128730773926,132.96546936035156,0.0,0.0,4,5976.654296875,0.7199999690055847,3222.777099609375,4.656824111938477,-3075.333984375,,2023-11-28T16:59:01.072581,1,206976,03:27.0,0,129.05931091308594,0,0,4,5802.98877,0.348507285,3181.795898,3.650651216506958,-3049.218262,right start,,2023-11-28T16:59:02.821581,1,208725,03:28.7,0,124.3000717163086,0,0,4,5588.709473,-0.674804688,3129.513916015625,2.340289593,-3016.81958,end,,2023-11-28T16:59:02.117453,1,208017,0.5318766832351685,126.2109375,0.0,0.0,4,5676.025390625,-1.3499999046325684,3150.365478515625,2.877192497253418,-3029.945068359375,,1.308286,1.749,-0.67239,1
2023-11-28T16:59:05.604683,1,211503,0.5322403311729431,117.28166198730469,0.0,0.0,4,5278.1845703125,-3.7799997329711914,3051.463623046875,0.36769336462020874,-2965.98193359375,,2023-11-28T16:59:06.572581,1,212476,03:32.5,0,114.91206359863281,0,0,4,5172,-2.83914113,3025.876220703125,-0.295926243,-2947.826416,left start,,2023-11-28T16:59:07.609581,1,213513,03:33.5,0,112.63119506835938,0.058826365,0,4,5075.99707,3.959047794342041,2999.711426,-1.002930999,-2928.138916,end,,2023-11-28T16:59:07.514005,1,213414,0.532428503036499,112.8211441040039,0.04365000128746033,0.0,4,5082.30615234375,2.9699997901916504,3002.203857421875,-0.9370399713516235,-2929.981689453125,,0.959824,1.037,-0.095028,1
2023-11-28T16:59:10.316293,1,216216,0.5326983332633972,113.23654174804688,0.22220000624656677,0.0,4,5132.552734375,1.1249998807907104,2929.867919921875,-2.2150628566741943,-2880.8798828125,,2023-11-28T16:59:11.405581,1,217309,03:37.3,0,116.63993072509766,0.27843138575553894,0,4,5300.451172,-0.904971659,2900.323974609375,-2.159502268,-2862.367676,right start,,2023-11-28T16:59:13.671581,1,219575,03:39.6,0,126.41899108886719,0.2980392277240753,0,4,5744.686035,0.269775391,2835.538086,-2.026322365,-2821.679688,end,,2023-11-28T16:59:13.711999,1,219612,0.5330456495285034,126.59699249267578,0.3015500009059906,0.0,4,5754.15478515625,0.26999998092651367,2834.45654296875,-2.023735523223877,-2820.994873046875,,1.087113,2.266,0.05209,1
2023-11-28T16:59:24.927721,1,230826,0.5344256162643433,135.23239135742188,0.0,0.14680001139640808,5,4736.79052734375,-0.6749999523162842,2473.0556640625,-1.0720100402832031,-2557.797607421875,,2023-11-28T16:59:26.475581,1,232379,03:52.4,0,126.3765640258789,0,0,5,4453.061523,-1.316609144,2431.381103515625,-0.987049758,-2520.605957,left start,,2023-11-28T16:59:27.966581,1,233870,03:53.9,0,122.57588958740234,0,0,5,4320,1.1620551347732544,2393.545898,-0.966200173,-2485.551025,end,,2023-11-28T16:59:28.360616,1,234261,0.5347973704338074,121.65019226074219,0.0,0.0,5,4288.2021484375,-0.17999999225139618,2383.705078125,-0.9749442338943481,-2476.68701171875,,1.516894,1.491,0.411734,1
2023-11-28T16:59:30.248895,1,236148,0.5349901914596558,117.09508514404297,0.0,0.0,5,4129.09423828125,-3.2849996089935303,2336.919189453125,-0.9670590758323669,-2435.16064453125,,2023-11-28T16:59:30.733581,1,236637,03:56.6,0,115.88966369628906,0,0,5,4088,-3.389645815,2325.222168,-0.968637645,-2424.469482,left start,,2023-11-28T16:59:31.791581,1,237695,03:57.7,0,113.4404067993164,0.039215688,0,5,4008.089111328125,3.616776704788208,2301.042969,-0.974589646,-2400.978027,end,,2023-11-28T16:59:31.482869,1,237381,0.5351124405860901,114.2098159790039,0.0,0.0,5,4028.64990234375,-0.7649999260902405,2308.1240234375,-0.967571496963501,-2407.978271484375,,0.472473,1.058,-0.283833,1
2023-11-28T16:59:37.690061,1,243588,0.5357101559638977,114.16593933105469,0.13885000348091125,0.0,5,4036.950927734375,-0.26999998092651367,2162.171875,-5.8790106773376465,-2280.486572265625,,2023-11-28T16:59:39.063581,1,244967,04:05.0,0,115.63685607910156,0.15294118225574493,0,5,4092,0.809570313,2128.406738,-7.666694641,-2252.28418,right start,,2023-11-28T16:59:41.230581,1,247134,04:07.1,0,118.3279037475586,0.15294118225574493,0,5,4185.633301,-0.989746094,2073.854004,-10.52017021,-2207.784912,end,,2023-11-28T16:59:40.487082,1,246384,0.5359870791435242,117.48828125,0.1547500193119049,0.0,5,4155.03564453125,-0.26999998092651367,2092.84912109375,-9.522602081298828,-2223.34814453125,,1.364335,2.167,-0.740888,1
2023-11-28T16:59:49.883756,1,255783,0.5369871258735657,130.33213806152344,0.0,0.0,5,4593.1064453125,0.26999998092651367,1846.0072021484375,-19.62396240234375,-2012.15576171875,,2023-11-28T16:59:51.777581,1,257681,04:17.7,0,125.4826889038086,0,0,5,4421.833984,1.525565266609192,1794.358398,-19.83360291,-1968.807861,right start,,2023-11-28T16:59:53.158581,1,259062,04:19.1,0,122.9283447265625,0.11215511709451675,0,5,4340,-2.0234375,1757.0762939453125,-19.91013718,-1939.227295,end,,2023-11-28T16:59:53.215575,1,259113,0.5373457074165344,122.9124526977539,0.11505001783370972,0.0,5,4341.3359375,-2.0249998569488525,1755.7247314453125,-19.9114990234375,-1938.1285400390625,,1.868849,1.381,0.081901,1
2023-11-28T16:59:59.746646,1,265644,0.5380266308784485,121.2989730834961,0.0,0.0,5,4279.0009765625,-2.4749999046325684,1587.0557861328125,-19.065160751342773,-1794.0626220703125,,2023-11-28T17:00:01.155581,1,267059,04:27.1,0,118.60908508300781,0.1568627506494522,0,5,4192,0.8453841805458069,1552.292969,-18.38769531,-1762.346436,left start,,2023-11-28T17:00:02.639581,1,268543,04:28.5,0,118.87835693359375,0.23137255012989044,0,5,4216,1.169921875,1516.595215,-17.65542984,-1729.031982,end,,2023-11-28T17:00:02.811655,1,268710,0.5383374094963074,119.13777160644531,0.23805001378059387,0.0,5,4224.431640625,1.1699999570846558,1512.5166015625,-17.564998626708984,-1725.3367919921875,,1.38254,1.484,0.20131,1
2023-11-28T17:00:06.276251,1,272175,0.5386992692947388,126.3141098022461,0.27775001525878906,0.0,5,4486.22607421875,0.44999998807907104,1423.5946044921875,-15.779324531555176,-1647.982177734375,,2023-11-28T17:00:07.563581,1,273467,04:33.5,0,129.51641845703125,0.2862745225429535,0,5,4600,0.989746094,1388.347656,-14.88724136,-1618.543335,right start,,2023-11-28T17:00:09.718581,1,275622,04:35.6,0,135.57044982910156,0.3529411852359772,0,5,4826.431152,-0.224975586,1327.120605,-12.842453,-1568.27063,end,,2023-11-28T17:00:08.642044,1,274539,0.538959801197052,132.29541015625,0.29760000109672546,0.0,5,4699.640625,-1.214999794960022,1358.08544921875,-13.909789085388184,-1593.989501953125,,1.275128,2.155,-1.061723,1
2023-11-28T17:00:23.868024,1,289764,0.5408065915107727,130.85488891601562,0.0,0.0,5,4611.7939453125,-5.5799994468688965,964.4343872070312,-1.3452943563461304,-1149.2374267578125,,2023-11-28T17:00:25.179581,1,291083,04:51.1,0,127.14601135253906,0.062745102,0,5,4484,-6.02734375,952.2600098,-1.238113165,-1103.598511,left start,,2023-11-28T17:00:26.527581,1,292431,04:52.4,0,125.878418,0.17344103753566742,0,5,4439.63916,-3.36282897,945.3145751953125,-1.207243562,-1056.829468,end Curve,,2023-11-28T17:00:26.989663,1,292887,0.5411442518234253,125.95075225830078,0.1904500126838684,0.0,5,4457.1201171875,-1.9799998998641968,943.8531494140625,-1.188621163368225,-1040.9615478515625,,1.286106,1.348,0.482764,1
2023-11-28T17:00:31.608085,1,297504,0.5416584610939026,136.56671142578125,0.04365000128746033,0.0,5,4814.94140625,-0.6299999356269836,938.734619140625,-0.7596209645271301,-873.3933715820312,,2023-11-28T17:00:31.655581,1,297559,04:57.6,0,136.35231018066406,0.030950024724006653,0,5,4807.568848,-0.170238346,938.7219848632812,-0.760839403,-871.28479,right start,,2023-11-28T17:00:34.121581,1,300025,05:00.0,0,131.54576110839844,0.11372549086809158,0,5,4645.893066,-1.662122488,936.5119018554688,-1.010905981,-779.6882324,end,,2023-11-28T17:00:33.787282,1,299685,0.5419076085090637,132.10032653808594,0.08330002427101135,0.0,5,4661.2900390625,-1.4849998950958252,936.834228515625,-0.9646814465522766,-792.169189453125,,0.042649,2.466,-0.319905,1
2023-11-28T17:00:35.899604,1,301797,0.5421419739723206,127.9339599609375,0.047600001096725464,0.0,5,4510.6162109375,-2.56499981880188,935.6786499023438,-1.2126628160476685,-715.7727661132812,,2023-11-28T17:00:36.887581,1,302791,05:02.8,0,126.86709594726562,0.16470588743686676,0,5,4484.356934,-0.780722737,936.3911133,-1.28200829,-680.6160278,left start,,2023-11-28T17:00:38.420581,1,304324,05:04.3,0,127.50775909423828,0.22003184258937836,0,5,4516.432617,0.719726563,938.1944580078125,-0.936240435,-626.5174561,end,,2023-11-28T17:00:38.583261,1,304479,0.542432427406311,127.73483276367188,0.2301500141620636,0.0,5,4527.916015625,0.7199999690055847,938.320068359375,-0.868539035320282,-621.0444946289062,,0.985286,1.533,0.168562,1
2023-11-28T17:00:40.061356,1,305958,0.5425944328308105,129.0176544189453,0.2102999985218048,0.0,5,4568.689453125,1.6649999618530273,938.9882202148438,0.08085174113512039,-568.2806396484375,,2023-11-28T17:00:41.629581,1,307533,05:07.5,0,124.38578796386719,0,0,5,4383.879395,-0.452654094,937.7488403320312,1.6667670011520386,-512.6795654,right start,,2023-11-28T17:00:43.309581,1,309213,05:09.2,0,118.41722106933594,0,0,5,4175.806152,-1.259765625,935.9158325195312,3.4805047512054443,-456.0849609,end SlightCurve,,2023-11-28T17:00:42.861267,1,308757,0.5428922176361084,120.02855682373047,0.0,0.0,5,4231.24560546875,-1.214999794960022,936.210205078125,3.0136873722076416,-471.2002868652344,,1.561615,1.68,-0.436051,1
2023-11-28T17:00:46.979056,1,312876,0.5432899594306946,107.5372314453125,0.0,0.0,5,3793.413330078125,-3.2849996089935303,939.058349609375,6.0006608963012695,-341.50396728515625,,2023-11-28T17:00:47.335581,1,313239,05:13.2,0,106.56208038330078,0,0,5,3760,-2.80349803,939.9850463867188,6.145022869110107,-330.741333,left start,,2023-11-28T17:00:48.586581,1,314490,05:14.5,0,103.83077239990234,0.05882353,0,5,3668,2.512173891067505,943.5226440429688,6.516169071,-294.3850708,end SlightCurve,,2023-11-28T17:00:48.813698,1,314709,0.5434542298316956,103.46593475341797,0.06350001692771912,0.0,5,3655.2705078125,2.56499981880188,944.0419921875,6.567564487457275,-288.1181335449219,,0.33409,1.251,0.254552,1
2023-11-28T17:00:53.564728,1,319461,0.5438792109489441,111.06354522705078,0.31744998693466187,0.0,5,3953.9130859375,0.8999999761581421,948.1923828125,6.805852890014648,-149.64120483398438,,2023-11-28T17:00:54.662581,1,320566,05:20.6,0,116.3580093383789,0.3490196168422699,0,5,4151.660156,1.2635818719863892,947.8273315429688,6.670646667480469,-114.7132492,right start,,2023-11-28T17:00:56.561581,1,322465,05:22.5,0,126.51560974121094,0.3607843220233917,0,5,4502.046875,-0.314941406,945.8641967773438,6.404515743255615,-50.62207413,end SlightCurve,,2023-11-28T17:00:56.163976,1,322059,0.5441395044326782,124.39232635498047,0.3571000099182129,0.0,5,4429.26513671875,0.13499999046325684,946.322021484375,6.465663433074951,-64.79313659667969,,1.096081,1.899,-0.392747,1
2023-11-28T17:01:04.790727,1,330687,0.545192301273346,145.78353881835938,0.03175002336502075,0.0,5,5135.08251953125,-0.8549998998641968,933.5196533203125,5.105858325958252,278.18695068359375,,2023-11-28T17:01:05.489581,1,331393,05:31.4,0,143.8004608154297,0.050980393,0,5,5066.823242,0.08996582,933.9562377929688,5.081962585449219,306.6066895,left start,,2023-11-28T17:01:08.186581,1,334090,05:34.1,0,139.2960968017578,0.16862745583057404,0,5,4920,2.1154463291168213,935.7161254882812,5.386824131011963,412.3745117,end,,2023-11-28T17:01:07.870118,1,333765,0.5455652475357056,139.6035614013672,0.14285001158714294,0.0,5,4929.07470703125,0.35999998450279236,935.4757080078125,5.343310832977295,399.78094482421875,,0.691847,2.697,-0.303616,1
2023-11-28T17:01:15.888781,1,341784,0.5464988946914673,135.47181701660156,0.14285001158714294,0.0,5,4785.349609375,-0.9899999499320984,935.7698364257812,6.278505325317383,704.2783813476562,,2023-11-28T17:01:17.462581,1,343366,05:43.4,0,134.2313995361328,0.20362141728401184,0,5,4752,2.305236816,934.7402344,6.449387550354004,763.4739990234375,right start,,2023-11-28T17:01:18.419581,1,344323,05:44.3,0,135.5680389404297,0.24313725531101227,0,5,4804,-3.841502428,932.6937255859375,6.567467212677002,799.2475586,end,,2023-11-28T17:01:18.455189,1,344349,0.5467931032180786,135.65924072265625,0.2459999918937683,0.0,5,4808.76416015625,-3.9599997997283936,932.63818359375,6.5698018074035645,800.2110595703125,,1.56109,0.957,0.059341,1
2023-11-28T17:01:19.420725,1,345315,0.5469054579734802,137.33360290527344,0.24994999170303345,0.0,5,4869.79052734375,-2.8349997997283936,931.5161743164062,6.6836161613464355,836.8147583007812,,2023-11-28T17:01:20.691581,1,346595,05:46.6,0,139.86441040039062,0.25882354378700256,0,5,4956.675781,-1.244588614,932.6955566,6.825378894805908,886.0950317382812,left start,,2023-11-28T17:01:21.760581,1,347664,05:47.7,0,142.24693298339844,0.26274511218070984,0,5,5044,3.599609375,934.4943237304688,6.870571613311768,927.9571533203125,end,,2023-11-28T17:01:21.575189,1,347469,0.547161340713501,141.8762969970703,0.26190000772476196,0.0,5,5033.09912109375,3.6450002193450928,934.2631225585938,6.8736186027526855,920.2443237304688,,1.259252,1.069,-0.160851,1
2023-11-28T17:01:31.036208,1,356931,0.5483887195587158,146.38136291503906,0.0,0.0,5,5153.19921875,-1.4849998950958252,934.5521240234375,11.971899032592773,1320.4580078125,,2023-11-28T17:01:32.958581,1,358862,05:58.9,0,139.07229614257812,0,0,5,4896.180176,-1.3046875,935.3831176757812,13.641684532165527,1396.95752,right start,,2023-11-28T17:01:34.460581,1,360364,06:00.4,0,134.81439208984375,0.062745102,0,5,4755.500977,-2.96875,937.135498,14.332965850830078,1454.0474853515625,end Curve,,2023-11-28T17:01:34.058584,1,359952,0.5487507581710815,135.93263244628906,0.05950000882148743,0.0,5,4791.6259765625,-3.059999704360962,936.302490234375,14.192190170288086,1438.541015625,,1.914604,1.502,-0.385128,1
2023-11-28T17:01:37.334479,1,363228,0.549122154712677,132.4282989501953,0.1746000051498413,0.0,5,4684.03662109375,-4.994999885559082,950.597900390625,14.357478141784668,1558.9140625,,2023-11-28T17:01:38.165581,1,364069,06:04.1,0,132.69276428222656,0.19607843458652496,0,5,4692.272461,-4.36328125,957.5166625976562,14.060098648071289,1589.089355,left start,,2023-11-28T17:01:39.626581,1,365530,06:05.5,0,134.98936462402344,0.24313725531101227,0,5,4788,1.1463576555252075,972.9080200195312,13.405291557312012,1641.116699,end Curve,,2023-11-28T17:01:39.211515,1,365106,0.5493342280387878,134.15029907226562,0.23805001378059387,0.0,5,4764.5673828125,-0.7199999690055847,968.1641235351562,13.591336250305176,1625.97802734375,,0.80179,1.461,-0.398618,1
2023-11-28T17:01:44.163389,1,370059,0.5499185919761658,142.53146362304688,0.23410001397132874,0.0,5,5052.7197265625,0.5399999618530273,1020.4407348632812,11.303152084350586,1809.23046875,,2023-11-28T17:01:45.662581,1,371566,06:11.6,0,145.45774841308594,0.250980407,0,5,5156,0.7325841784477234,1035.370849609375,10.578999519348145,1867.639648,right start,,2023-11-28T17:01:46.944581,1,372848,06:12.8,0,148.8563232421875,0.27450981736183167,0,5,5273.594238,-1.907552958,1047.5904541015625,10.004865646362305,1918.634766,end,,2023-11-28T17:01:46.818943,1,372714,0.5502472519874573,148.57293701171875,0.27775001525878906,0.0,5,5256.9560546875,-1.7549998760223389,1046.20361328125,10.045196533203125,1913.232666015625,,1.479712,1.282,-0.118629,1
2023-11-28T17:01:56.924985,1,382818,0.5515726804733276,142.57046508789062,0.0,0.0,5,5021.3857421875,1.3499999046325684,1160.8802490234375,19.770580291748047,2329.3740234375,,2023-11-28T17:01:58.303581,1,384207,06:24.2,0,136.83389282226562,0,0,5,4820,-2.374014854,1175.8038330078125,21.46887779,2381.144775390625,left start,,2023-11-28T17:01:59.172581,1,385076,06:25.1,0,133.6071014404297,0,0,5,4704,4.968193531036377,1186.331298828125,22.392501831054688,2412.021973,end,,2023-11-28T17:01:59.223950,1,385119,0.5518425703048706,133.44859313964844,0.0,0.0,5,4700.796875,4.904999732971191,1186.8262939453125,22.42550277709961,2413.52294921875,,1.353978,0.869,0.067848,1
2023-11-28T17:02:07.276882,1,393171,0.5527336001396179,125.42667388916016,0.0,0.0,5,4426.04443359375,-0.08999999612569809,1261.9716796875,16.275739669799805,2693.795166015625,,2023-11-28T17:02:07.971581,1,393875,06:33.9,0,124.29341125488281,0,0,5,4382.637207,-3.509765625,1268.7227783203125,15.461249351501465,2717.275391,left start,,2023-11-28T17:02:09.626581,1,395530,06:35.5,0,122.54229736328125,0.086274512,0,5,4324,1.2833527326583862,1285.7532958984375,13.56744099,2771.306641,end dekireba tukaitakunai,,2023-11-28T17:02:10.141223,1,396036,0.553035318851471,122.5096664428711,0.09920001029968262,0.0,5,4315.3857421875,-0.35999998450279236,1290.596923828125,12.999826431274414,2787.823974609375,,0.680329,1.655,0.533573,1
,,,,,,,,,,,,,,,,,,,,,,,,,,,,,,
,,,,,,,,,,,,,,,,,,,,,,,,,,,,,,
,,,,,,,,,,,,,,,,,,,,,,,,,,,,,,
2023-11-28T17:08:20.573245,1,766458,0.5241819024085999,100.42406463623047,0.2817000150680542,0.0,3,6601.48583984375,-1.1249998807907104,5228.431640625,11.70280933380127,-4374.44140625,,2023-11-28T17:08:22.395581,1,768299,12:48.3,0,110.5147476196289,0.2823529541492462,0,4,5027.06543,-1.747106433,5179.464844,10.367156982421875,-4351.808594,right start,,2023-11-28T17:08:23.874581,1,769778,12:49.8,0,117.93080139160156,0.19306351244449615,0,4,5334.462402,-3.419921875,5136.950684,9.218601227,-4331.775879,end Curve,,2023-11-28T17:08:20.838507,1,766722,0.5242052674293518,102.06967163085938,0.289650022983551,0.0,3,6713.09326171875,-0.8549998998641968,5221.73974609375,11.516253471374512,-4371.2265625,,1.804385,1.479,-3.02922,3
2023-11-28T17:08:28.590447,1,774474,0.5250061750411987,131.823486328125,0.24994999170303345,0.0,4,5974.35546875,-1.1699999570846558,4996.97509765625,5.38691520690918,-4251.48876953125,,2023-11-28T17:08:30.315581,1,776219,12:56.2,0,138.05064392089844,0.30980393290519714,0,4,6275.136719,0.08996582,4941.521484,4.881559849,-4216.90918,right start,,2023-11-28T17:08:32.665581,1,778569,12:58.6,0,148.8811798095703,0.32378533482551575,0,4,6760,-0.064538755,4862.15918,4.729280948638916,-4166.994629,end SlightCurve,,2023-11-28T17:08:28.890246,1,774774,0.5250406861305237,132.69126892089844,0.25394999980926514,0.0,4,6012.009765625,-0.7199999690055847,4987.60986328125,5.230596542358398,-4245.677734375,,1.712457,2.35,-3.763634,3
2023-11-28T17:08:38.086071,1,783969,0.5261602401733398,131.0735626220703,0.11110001802444458,0.0,4,5907.0517578125,-0.4949999749660492,4687.21728515625,4.979458332061768,-4051.828369140625,,2023-11-28T17:08:39.400581,1,785304,13:05.3,0,129.39263916015625,0.1411764770746231,0,4,5840,-1.079101563,4647.488281,5.1256937980651855,-4024.382324,left start,,2023-11-28T17:08:40.967581,1,786871,13:06.9,0,128.03826904296875,0.13725490868091583,0,4,5776.460938,1.934570313,4601.916992,5.143813133239746,-3991.797363,end,,2023-11-28T17:08:38.319569,1,784203,0.5261869430541992,130.67227172851562,0.1269499957561493,0.0,4,5891.525390625,-0.8999999761581421,4680.17724609375,5.027313232421875,-4047.05517578125,,1.295301,1.567,-2.624894,3
2023-11-28T17:08:51.068427,1,796950,0.5276392698287964,128.559326171875,0.04365000128746033,0.0,4,5784.83984375,0.5399999618530273,4293.50341796875,5.288503646850586,-3785.63037109375,,2023-11-28T17:08:53.258581,1,799162,13:19.2,0,127.17880249023438,0.2129015326499939,0,4,5753.159668,-1.542319298,4227.657227,5.344542980194092,-3743.54834,right start,,2023-11-28T17:08:54.562581,1,800466,13:20.5,0,130.46124267578125,0.2823529541492462,0,4,5921.007813,-1.889648438,4187.828613,5.394212723,-3719.384277,end,,2023-11-28T17:08:51.412973,1,797295,0.5276773571968079,127.65474700927734,0.08730000257492065,0.0,4,5749.55517578125,1.7549998760223389,4283.3505859375,5.290769100189209,-3778.733154296875,,2.181716,1.304,-3.141693,3
2023-11-28T17:09:03.938246,1,809820,0.5291495323181152,130.2558135986328,0.10315001010894775,0.0,4,5867.4931640625,0.17999999225139618,3885.065185546875,9.557692527770996,-3519.459228515625,,2023-11-28T17:09:05.852581,1,811756,13:31.8,0,128.29412841796875,0.2231655865907669,0,4,5811.628906,-1.349609375,3827.967529296875,11.215700149536133,-3480.338135,left start,,2023-11-28T17:09:07.330581,1,813234,13:33.2,0,130.1700439453125,0.22745098173618317,0,4,5861.270508,2.33984375,3784.862305,12.14930534362793,-3449.414551,end,,2023-11-28T17:09:04.250129,1,810132,0.529184103012085,129.43264770507812,0.13490000367164612,0.0,4,5836.0546875,-0.35999998450279236,3875.71435546875,9.860302925109863,-3513.2109375,,1.906476,1.478,-3.048713,3
2023-11-28T17:09:15.490201,1,821373,0.530465304851532,139.13119506835938,0.2102999985218048,0.0,4,6289.0908203125,0.35999998450279236,3532.03662109375,12.2550687789917,-3280.6318359375,,2023-11-28T17:09:17.222581,1,823126,13:43.1,0,142.37899780273438,0.22790543735027313,0,4,6444,1.4999923706054688,3474.502441,11.03315258026123,-3243.587646,right start,,2023-11-28T17:09:18.179581,1,824083,13:44.1,0,144.2051544189453,0.2300727665424347,0,4,6524,-3.719231367,3441.744384765625,10.26214314,-3224.140381,end,,2023-11-28T17:09:15.691032,1,821574,0.530489444732666,139.38803100585938,0.2102999985218048,0.0,4,6300.55224609375,0.7199999690055847,3525.581787109375,12.136877059936523,-3276.298095703125,,1.722389,0.957,-2.470745,3
2023-11-28T17:09:22.808214,1,828690,0.5313612818717957,137.02842712402344,0.0,0.0,4,6158.35400390625,-1.4849998950958252,3288.720458984375,6.423427104949951,-3123.4443359375,,2023-11-28T17:09:23.552581,1,829456,13:49.5,0,134.69078063964844,0,0,4,6052,-2.0234375,3265.120117,5.802856922149658,-3106.713623,left start,,2023-11-28T17:09:24.808581,1,830712,13:50.7,0,131.7139892578125,0.074509807,0,4,5928,1.799804688,3227.56543,4.8027472496032715,-3079.468262,end,,2023-11-28T17:09:22.997643,1,828879,0.5313833951950073,136.45034790039062,0.0,0.0,4,6132.20751953125,-1.8899998664855957,3282.83447265625,6.270248889923096,-3119.338623046875,,0.716901,1.256,-1.800898,3
2023-11-28T17:09:30.760703,1,836643,0.5322616100311279,135.01107788085938,0.2261500060558319,0.0,4,6110.47314453125,0.9449999332427979,3047.92529296875,0.16881656646728516,-2958.856689453125,,2023-11-28T17:09:32.296581,1,838200,13:58.2,0,138.4595184326172,0.22745098173618317,0,4,6267.322754,-1.244550943,2997.952148,-1.039835691,-2927.190674,right start,,2023-11-28T17:09:34.131581,1,840035,14:00.0,0,142.2445526123047,0.23137255012989044,0,4,6432.578613,0.629882813,2937.278564453125,-2.143927336,-2889.202393,end,,2023-11-28T17:09:30.994097,1,836877,0.5322887301445007,135.55372619628906,0.2301500141620636,0.0,4,6136.26806640625,1.7099997997283936,3040.597412109375,-0.013260877691209316,-2953.998046875,,1.506405,1.835,-3.104062,3
2023-11-28T17:09:54.283141,1,860163,0.5351555347442627,136.4759979248047,0.0,0.0,5,4807.88525390625,-0.7649999260902405,2293.919677734375,-0.9678181409835815,-2403.095458984375,,2023-11-28T17:09:55.287581,1,861191,14:21.2,0,133.55282592773438,0,0,5,4704,0.4311606287956238,2265.185059,-0.984516084,-2377.351807,left start,,2023-11-28T17:09:57.991581,1,863895,14:23.9,0,129.2341309,0,0,5,4552,0.02411446,2191.921875,-4.144018173,-2311.588135,end,,2023-11-28T17:09:54.550900,1,860433,0.5351870059967041,135.6988983154297,0.0,0.0,5,4780.16943359375,-1.0799999237060547,2286.281982421875,-0.9657000303268433,-2396.32666015625,,0.995459,2.704,-3.433339,3
2023-11-28T17:10:05.457128,1,871338,0.536139190196991,80.4345474243164,0.1269499957561493,0.0,4,3639.845947265625,-1.7099997997283936,2054.871826171875,-11.53069019317627,-2191.881103515625,,2023-11-28T17:10:06.246581,1,872150,14:32.2,0,82.90943908691406,0.2980392277240753,0,4,3778.356689453125,-1.386520982,2041.2864990234375,-12.26814556,-2179.548096,left start,,2023-11-28T17:10:08.551581,1,874455,14:34.5,0,99.0333252,0.3052286207675934,0,4,4514.666504,1.5517522096633911,1998.4112548828125,-14.6379261,-2139.999756,end,,2023-11-28T17:10:05.656594,1,871536,0.5361528992652893,80.73744201660156,0.14680001139640808,0.0,4,3655.391845703125,-1.619999885559082,2051.577880859375,-11.707573890686035,-2188.920654296875,,0.789452,2.305,-2.865078,3
2023-11-28T17:10:10.221768,1,876102,0.5365192294120789,102.28656768798828,0.0,0.0,4,4608.0927734375,2.069999933242798,1963.364013671875,-16.536203384399414,-2109.105712890625,,2023-11-28T17:10:11.138581,1,877042,14:37.0,0,100.98372650146484,0,0,4,4548,1.57421875,1942.8536376953125,-17.56259155,-2092.273438,right start,,2023-11-28T17:10:12.584581,1,878488,14:38.5,0,98.96232604980469,0.10073865205049515,0,4,4468,-5.0390625,1911.250732421875,-18.72711372,-2067.584717,end,,2023-11-28T17:10:10.954412,1,876834,0.5365828275680542,101.29234313964844,0.0,0.0,4,4568.01123046875,2.249999761581421,1947.42626953125,-17.35884666442871,-2095.926025390625,,0.889403,1.446,-1.606492,3
2023-11-28T17:10:16.717811,1,882597,0.5370893478393555,111.58275604248047,0.23410001397132874,0.0,4,5059.55810546875,0.6299999356269836,1820.85302734375,-19.725587844848633,-1990.4395751953125,,2023-11-28T17:10:17.941581,1,883845,14:43.8,0,115.76610565185547,0.2666666805744171,0,4,5259.34375,-0.179931641,1790.4068603515625,-19.84311104,-1965.434692,right start,,2023-11-28T17:10:19.873581,1,885777,14:45.8,0,124.98493194580078,0.32156863808631897,0,4,5690.516113,-0.719726563,1740.3372802734375,-19.8966465,-1924.742432,end,,2023-11-28T17:10:16.918145,1,882798,0.5371084809303284,112.13172912597656,0.23805001378059387,0.0,4,5088.64990234375,1.2599998712539673,1816.0736083984375,-19.737279891967773,-1986.41845703125,,1.200523,1.932,-2.944417,3
2023-11-28T17:10:22.848039,1,888729,0.5377222895622253,122.0681381225586,0.11110001802444458,0.0,4,5504.728515625,0.9899999499320984,1662.6019287109375,-19.628721237182617,-1858.2340087890625,,2023-11-28T17:10:24.065581,1,889969,14:50.0,0,120.5303726196289,0.16105569899082184,0,4,5444,-3.1484375,1631.339844,-19.4952755,-1830.560669,left start,,2023-11-28T17:10:25.311581,1,891215,14:51.2,0,120.7623062133789,0.1882352977991104,0,4,5464,4.265088081359863,1601.0074462890625,-19.22999191,-1801.840942,end,,2023-11-28T17:10:23.082448,1,888963,0.5377466082572937,121.71703338623047,0.11110001802444458,0.0,4,5491.62939453125,-1.0799999237060547,1656.6217041015625,-19.604400634765625,-1853.0374755859375,,1.188727,1.246,-2.225938,3
2023-11-28T17:10:27.112486,1,892992,0.5381612181663513,120.50375366210938,0.17855000495910645,0.0,4,5452.8662109375,1.4399999380111694,1556.3609619140625,-18.4367733001709,-1762.4537353515625,,2023-11-28T17:10:28.331581,1,894235,14:54.2,0,122.01061248779297,0.27843138575553894,0,4,5544,1.9133824110031128,1524.2271728515625,-17.79994583,-1735.816406,right start,,2023-11-28T17:10:29.459581,1,895363,14:55.4,0,126.79646301269531,0.3294117748737335,0,4,5770.894043,-4.419211388,1493.4842529296875,-17.2189827,-1711.829712,end,,2023-11-28T17:10:27.346423,1,893226,0.5381852388381958,120.50305938720703,0.18650001287460327,0.0,4,5447.70458984375,1.7549998760223389,1550.4188232421875,-18.31773567199707,-1757.352294921875,,1.199151,1.128,-2.09788,3
2023-11-28T17:10:37.009209,1,902889,0.5392966270446777,130.24868774414062,0.03570002317428589,0.0,4,5859.26904296875,0.26999998092651367,1274.195556640625,-10.987704277038574,-1523.337890625,,2023-11-28T17:10:38.290581,1,904194,15:04.2,0,127.2461929321289,0.16078431904315948,0,4,5744,-3.701441765,1239.3563232421875,-9.744044304,-1492.454834,left start,,2023-11-28T17:10:39.820581,1,905724,15:05.7,0,125.98015594482422,0.18039216101169586,0,4,5694.32959,2.068359375,1199.9530029296875,-8.318293571,-1455.893188,end,,2023-11-28T17:10:37.574937,1,903453,0.5393587946891785,128.5123291015625,0.13490000367164612,0.0,4,5794.8603515625,-0.6299999356269836,1259.004638671875,-10.448257446289062,-1509.95458984375,,1.275435,1.53,-2.227778,3
2023-11-28T17:10:37.009209,1,902889,0.5392966270446777,130.24868774414062,0.03570002317428589,0.0,4,5859.26904296875,0.26999998092651367,1274.195556640625,-10.987704277038574,-1523.337890625,,2023-11-28T17:10:41.786581,1,907690,15:07.7,0,124.94367218017578,0.21568627655506134,0,4,5660,0.899902344,1148.037598,-6.482993603,-1411.216553,right start,,2023-11-28T17:10:43.512581,1,909416,15:09.4,0,126.5672607421875,0.23137255012989044,0,4,5740,-6.983311176,1102.2222900390625,-4.731598854,-1372.029297,end Curve,,2023-11-28T17:10:37.574937,1,903453,0.5393587946891785,128.5123291015625,0.13490000367164612,0.0,4,5794.8603515625,-0.6299999356269836,1259.004638671875,-10.448257446289062,-1509.95458984375,,4.771435,1.726,-5.919778,3
2023-11-28T17:10:51.722438,1,917601,0.54093337059021,129.35801696777344,0.0,0.0,4,5817.15869140625,-6.929999828338623,952.3363647460938,-1.1944116353988647,-1109.5037841796875,,2023-11-28T17:10:53.229581,1,919133,15:19.1,0,124.8987808227539,0.13333334028720856,0,4,5636,-5.26171875,943.3056030273438,-1.105360866,-1056.33374,left start,,2023-11-28T17:10:54.357581,1,920261,15:20.3,0,124.88926696777344,0.21960784494876862,0,4,5660,-1.422246575,940.8824462890625,-1.082056046,-1017.349121,end Curve,,2023-11-28T17:10:51.957000,1,917835,0.5409587621688843,128.47447204589844,0.0,0.0,4,5777.03564453125,-6.8849992752075195,950.4364013671875,-1.1695305109024048,-1101.3438720703125,,1.477119,1.128,-2.392131,3
2023-11-28T17:10:57.696053,1,923574,0.5415874719619751,139.00277709960938,0.31744998693466187,0.0,4,6317.6484375,-1.9799998998641968,939.4718017578125,-0.7787072062492371,-896.5314331054688,,2023-11-28T17:10:58.528581,1,924432,15:24.4,0,142.7692108154297,0.3294117748737335,0,4,6488,-1.259765625,940.3479614257812,-0.761825264,-862.9363403,left start,,2023-11-28T17:10:59.586581,1,925490,15:25.5,0,147.65570068359375,0.3333333432674408,0,4,6700.722656,3.111633301,942.1631469726562,-0.882387996,-820.2787476,end,,2023-11-28T17:10:57.996470,1,923877,0.5416235327720642,140.28372192382812,0.32534998655319214,0.0,4,6371.69873046875,-2.6999998092651367,939.6659545898438,-0.7605234980583191,-884.7783203125,,0.804381,1.058,-1.571773,3
2023-11-28T17:11:04.693924,1,930573,0.542477011680603,146.3622283935547,0.0,0.0,5,5154.22314453125,0.08999999612569809,942.4428100585938,-0.6629908680915833,-606.4868774414062,,2023-11-28T17:11:06.630581,1,932534,15:32.5,0,138.7996063232422,0,0,5,4888,1.8345286846160889,941.3405151367188,1.1462057828903198,-528.8287964,right start,,2023-11-28T17:11:08.079581,1,933983,15:34.0,0,133.27508544921875,0.10588235408067703,0,5,4704,-1.675973296,939.4160766601562,2.918912649154663,-474.160675,end SlightCurve,,2023-11-28T17:11:04.983668,1,930864,0.5425130724906921,145.29270935058594,0.0,0.0,5,5115.40771484375,0.8999999761581421,942.4938354492188,-0.4685804843902588,-594.7019653320312,,1.927178,1.449,-3.089558,3
2023-11-28T17:11:10.558844,1,936438,0.5431586503982544,132.1186065673828,0.22220000624656677,0.0,5,4680.03662109375,-3.194999933242798,939.7911987304688,5.2747955322265625,-384.3739318847656,,2023-11-28T17:11:10.865581,1,936769,15:36.8,0,132.2220001220703,0.21568627655506134,0,5,4684,-1.721252561,939.9296875,5.508881092071533,-372.1878357,right start,,2023-11-28T17:11:12.956581,1,938860,15:38.9,0,133.99432373046875,0.2862745225429535,0,5,4760,-3.126758575,941.3585815429688,6.510310649871826,-295.2664795,end SlightCurve,,2023-11-28T17:11:11.025180,1,936903,0.5432111024856567,132.36244201660156,0.1904500126838684,0.0,5,4682.974609375,-1.3499999046325684,940.0166015625,5.588129997253418,-367.2955017089844,,0.286154,2.091,-1.920847,3
2023-11-28T17:11:15.566494,1,941445,0.5437330007553101,136.13296508789062,0.06350001692771912,0.0,5,4800.16259765625,0.8549998998641968,944.6448974609375,6.891750335693359,-197.22840881347656,,2023-11-28T17:11:16.812581,1,942716,15:42.7,0,133.71856689453125,0.070588239,0,5,4713.614258,-2.131408215,945.7952270507812,6.807115555,-149.5858154,left start,,2023-11-28T17:11:18.378581,1,944282,15:44.3,0,130.88156127929688,0.062745102,0,5,4616,2.567091941833496,947.965332,6.577054977416992,-92.09928894,end SlightCurve,,2023-11-28T17:11:15.812850,1,941691,0.5437616109848022,135.62474060058594,0.06350001692771912,0.0,5,4783.7373046875,0.17999999225139618,944.8728637695312,6.894413948059082,-187.9467010498047,,1.226597,1.566,-2.550826,3
2023-11-28T17:11:25.574835,1,951453,0.5447975397109985,102.12451934814453,0.0,0.17059999704360962,5,3579.149169921875,0.8549998998641968,938.669189453125,5.603893280029297,149.4755401611328,,2023-11-28T17:11:25.914581,1,951818,15:51.8,0,100.03314971923828,0,0,5,3530,0.989746094,937.8931274414062,5.564050197601318,159.66372680664062,right start,,2023-11-28T17:11:27.563581,1,953467,15:53.5,0,98.01849365234375,0.16470588743686676,0,4,4436,-3.373046875,934.3778686523438,5.377370357513428,204.76478576660156,end SlightCurve,,2023-11-28T17:11:25.873932,1,951753,0.5448232889175415,100.16397094726562,0.0,0.0,5,3535.84814453125,0.9449999332427979,938.0336303710938,5.570450782775879,157.8529815673828,,0.330723,1.649,-1.660088,3
2023-11-28T17:11:31.270941,1,957150,0.5452879667282104,109.00992584228516,0.26980000734329224,0.0,4,4956.25048828125,0.35999998450279236,933.3093872070312,5.092966556549072,309.37408447265625,,2023-11-28T17:11:32.667581,1,958571,15:58.6,0,115.0129623413086,0.29019609093666077,0,4,5230.280762,-1.272768021,933.9482422,5.206282615661621,353.5846252441406,left start,,2023-11-28T17:11:34.176581,1,960080,16:00.1,0,121.75486755371094,0.2980392277240753,0,4,5540,1.971247673034668,935.7585449,5.354543685913086,403.2248535,end,,2023-11-28T17:11:31.471137,1,957348,0.5453064441680908,109.81523895263672,0.26980000734329224,0.0,4,4989.27490234375,0.08999999612569809,933.3004760742188,5.0989603996276855,315.392822265625,,1.382468,1.509,-2.698584,3
2023-11-28T17:11:37.511798,1,963390,0.5459380745887756,133.83273315429688,0.2738000154495239,0.0,4,6073.39306640625,0.44999998807907104,936.248291015625,5.720526218414307,521.3604736328125,,2023-11-28T17:11:38.976581,1,964880,16:04.9,0,139.3014373779297,0.3137255012989044,0,4,6332.696777,0.9740964770317078,935.2026367,5.890613555908203,577.8383789,right start,,2023-11-28T17:11:40.251581,1,966155,16:06.2,0,144.82508850097656,0.3333333432674408,0,4,6574.626953,-1.424032211,933.1297607421875,6.042612552642822,628.1137695,end,,2023-11-28T17:11:37.747151,1,963624,0.545964777469635,134.53761291503906,0.27775001525878906,0.0,4,6094.82958984375,0.8999999761581421,936.222900390625,5.738106727600098,530.0833129882812,,1.444818,1.275,-2.482359,3
2023-11-28T17:11:45.043638,1,970920,0.5468752980232239,147.11045837402344,0.0,0.0,5,5179.064453125,0.5399999618530273,931.9912719726562,6.640157222747803,826.9720458984375,,2023-11-28T17:11:46.652581,1,972556,16:12.6,0,141.7176971435547,0,0,5,4992,-1.718259811,932.6337280273438,6.840354919433594,892.6191406,left start,,2023-11-28T17:11:47.670581,1,973574,16:13.6,0,138.6248321533203,0,0,5,4880.908203,2.158203125,934.4718017578125,6.863883018493652,932.2199096679688,end,,2023-11-28T17:11:45.510113,1,971388,0.5469335317611694,145.5887908935547,0.0,0.0,5,5123.5361328125,-0.08999999612569809,931.8779296875,6.704257965087891,845.994873046875,,1.605256,1.018,-2.127466,3
2023-11-28T17:11:48.396762,1,974274,0.547279953956604,136.99151611328125,0.10715001821517944,0.0,5,4831.4794921875,2.6549999713897705,934.5618896484375,6.810003280639648,958.9785766601562,,2023-11-28T17:11:48.718581,1,974622,16:14.6,0,136.49693298339844,0.1411764770746231,0,5,4820,2.69921875,934.3485107421875,6.771917343139648,972.2169189453125,right start,,2023-11-28T17:11:50.096581,1,976000,16:16.0,0,138.9124298095703,0.30980393290519714,0,5,4940,-3.419921875,932.2036133,6.627899646759033,1024.6761474609375,end mae to konogyo renzoku,,2023-11-28T17:11:48.696177,1,974574,0.5473150014877319,136.6163787841797,0.13885000348091125,0.0,5,4823.73828125,2.6549999713897705,934.3885498046875,6.777963161468506,970.3757934570312,,0.308603,1.378,-1.371322,3
2023-11-28T17:12:02.056461,1,987933,0.5490382313728333,152.71090698242188,0.0,0.0,5,5370.78662109375,-3.869999408721924,945.4738159179688,14.504919052124023,1532.0135498046875,,2023-11-28T17:12:03.923581,1,989827,16:29.8,0,146.76145935058594,0,0,5,5166.88623,-2.96875,962.2200927734375,13.814251899719238,1608.9168701171875,left start,,2023-11-28T17:12:05.252581,1,991156,16:31.2,0,143.34158325195312,0.062745102,0,5,5052,2.068359375,978.1257324,13.163496971130371,1660.065673828125,end Curve,,2023-11-28T17:12:02.401286,1,988278,0.5490828156471252,151.59190368652344,0.0,0.0,5,5333.0927734375,-4.454999923706055,947.8406982421875,14.436287879943848,1546.3990478515625,,1.866601,1.329,-2.830945,3
2023-11-28T17:12:06.132752,1,992010,0.5495467185974121,141.93048095703125,0.08330002427101135,0.0,5,5004.298828125,1.0799999237060547,987.7530517578125,12.756056785583496,1692.4605712890625,,2023-11-28T17:12:08.784581,1,994688,16:34.7,0,142.32150268554688,0.250980407,0,5,5045.537598,1.4947642087936401,1015.0570678710938,11.50253963470459,1793.8892822265625,right start,,2023-11-28T17:12:10.333581,1,996237,16:36.2,0,142.90052795410156,0,0,5,5033.498047,-0.494873047,1029.7025146484375,10.756945610046387,1853.9085693359375,end,,2023-11-28T17:12:06.379350,1,992256,0.5495764017105103,141.57347106933594,0.09920001029968262,0.0,5,4993.0478515625,1.3049999475479126,990.4107666015625,12.642313957214355,1701.773681640625,,2.643977,1.549,-3.947342,3
2023-11-28T17:12:13.795723,1,999672,0.5504388809204102,96.21442413330078,0.0,0.4325000047683716,4,4260.37451171875,-0.4049999713897705,1062.3109130859375,9.908913612365723,1973.522705078125,,2023-11-28T17:12:15.328581,1,1001232,16:41.2,0,85.93167114257812,0.084877752,0,4,3880.712402,-4.397101879,1073.1141357421875,10.230045318603516,2010.2496337890625,left start,,2023-11-28T17:12:16.639581,1,1002543,16:42.5,0,86.20101165771484,0.250980407,0,4,3920,1.349609375,1083.226806640625,10.716763496398926,2039.7633056640625,end,,2023-11-28T17:12:13.996839,1,999873,0.5504549145698547,91.20756530761719,0.0,0.38089999556541443,4,4041.95703125,-0.6299999356269836,1063.6798095703125,9.940669059753418,1978.5638427734375,,1.512448,1.311,-2.614418,3
2023-11-28T17:12:17.205758,1,1003083,0.5506919026374817,88.15965270996094,0.289650022983551,0.0,4,4017.03466796875,1.7999999523162842,1087.2481689453125,10.9764986038208,2052.182861328125,,2023-11-28T17:12:18.280581,1,1004184,16:44.2,0,94.67317199707031,0.37254902720451355,0,4,4329.777344,-0.989746094,1095.615478515625,11.654531478881836,2078.809814453125,left start,,2023-11-28T17:12:20.434581,1,1006338,16:46.3,0,112.45132446289062,0.4313725531101227,0,4,5148.382813,0.35771307349205017,1113.9942626953125,13.552059173583984,2137.862060546875,end,,2023-11-28T17:12:17.472729,1,1003350,0.5507121682167053,89.45453643798828,0.31744998693466187,0.0,4,4077.3857421875,1.4399999380111694,1089.2373046875,11.120025634765625,2058.4599609375,,1.056342,2.154,-2.95712,3
2023-11-28T17:12:25.324423,1,1011201,0.5515005588531494,131.2138671875,0.08730000257492065,0.0,4,5908.8076171875,-0.044999998062849045,1161.48876953125,19.030418395996094,2304.942626953125,,2023-11-28T17:12:26.996581,1,1012900,16:52.9,0,135.94207763671875,0.3020799458026886,0,4,6183.635254,2.004861831665039,1176.831543,21.00177764892578,2365.458740234375,right start,,2023-11-28T17:12:27.751581,1,1013655,16:53.7,0,137.20306396484375,0.2980392277240753,0,4,6228,-4.00390625,1182.6524658203125,21.901031494140625,2393.47998,end,,2023-11-28T17:12:25.589977,1,1011465,0.551530122756958,130.5643768310547,0.20634999871253967,0.0,4,5897.83349609375,0.7199999690055847,1164.0477294921875,19.33711051940918,2314.18408203125,,1.671093,0.755,-2.160011,3
2023-11-28T17:12:28.323200,1,1014201,0.5518440008163452,138.94317626953125,0.31345000863075256,0.0,4,6310.22119140625,-2.1599998474121094,1187.3004150390625,22.438615798950195,2413.890869140625,,2023-11-28T17:12:28.834581,1,1014738,16:54.7,0,141.15882873535156,0.3529411852359772,0,4,6428.114746,2.7095396518707275,1192.348633,22.799482345581055,2434.170166015625,right start,,2023-11-28T17:12:30.181581,1,1016085,16:56.1,0,147.2586212158203,0.3074595332145691,0,4,6680.804199,-4.929836273,1204.724365234375,22.840999603271484,2486.673095703125,end mae to renzoku,,2023-11-28T17:12:28.410662,1,1014288,0.5518543720245361,139.24378967285156,0.31744998693466187,0.0,4,6325.24560546875,-1.934999704360962,1188.0916748046875,22.507957458496094,2417.157470703125,,0.50758,1.347,-1.751608,3
2023-11-28T17:12:28.323200,1,1014201,0.5518440008163452,138.94317626953125,0.31345000863075256,0.0,4,6310.22119140625,-2.1599998474121094,1187.3004150390625,22.438615798950195,2413.890869140625,,2023-11-28T17:12:32.328581,1,1018232,16:58.2,0,154.4587402,0.30588236451148987,0,5,5480,-0.629882813,1228.861572265625,20.44351577758789,2573.188232421875,left start,,2023-11-28T17:12:35.130581,1,1021034,17:01.0,0,160.98776245117188,0,0,5,5664,0.269775391,1263.7916259765625,16.316007614135742,2692.018310546875,end,,2023-11-28T17:12:28.410662,1,1014288,0.5518543720245361,139.24378967285156,0.31744998693466187,0.0,4,6325.24560546875,-1.934999704360962,1188.0916748046875,22.507957458496094,2417.157470703125,,4.00158,2.802,-6.700608,3
2023-11-28T17:12:40.536740,1,1026414,0.5534400343894958,148.97145080566406,0.0,0.0,5,5241.6748046875,-3.1499998569488525,1326.754150390625,8.597723007202148,2914.523681640625,,2023-11-28T17:12:41.620581,1,1027524,17:07.5,0,146.4329071044922,0,0,5,5156,-4.09375,1340.866211,7.2699809074401855,2957.839111328125,right start,,2023-11-28T17:12:43.192581,1,1029096,17:09.1,0,144.13583374023438,0.14509804546833038,0,5,5088,-4.057967663,1364.80957,6.133543968200684,3016.467529296875,end Curve,,2023-11-28T17:12:41.182195,1,1027059,0.5535215139389038,147.55389404296875,0.0,0.0,5,5194.1591796875,-2.56499981880188,1334.750732421875,7.77280855178833,2939.83984375,,1.083306,1.572,-1.995696,3
2023-11-28T17:12:46.291220,1,1032168,0.5541481375694275,142.53887939453125,0.17059999704360962,0.0,5,5037.9775390625,-6.34499979019165,1430.997802734375,5.575712203979492,3118.777099609375,,2023-11-28T17:12:47.756581,1,1033660,17:13.7,0,141.7143096923828,0.1764705926179886,0,5,5012,-7.19921875,1472.197266,5.391744613647461,3160.824951171875,left start,,2023-11-28T17:12:49.053581,1,1034957,17:15.0,0,142.3354492,0.250980407,0,5,5044,-1.306851864,1512.1832275390625,5.220798969268799,3192.618164,end Curve,,2023-11-28T17:12:46.557941,1,1032435,0.5541806221008301,142.4093475341797,0.17059999704360962,0.0,5,5033.0,-6.34499979019165,1437.9697265625,5.5375237464904785,3126.717041015625,,1.456419,1.297,-2.482913,3
2023-11-28T17:12:53.543803,1,1039419,0.5550448298454285,144.787841796875,0.0,0.0,5,5097.6376953125,0.26999998092651367,1663.717529296875,1.2806628942489624,3291.0830078125,,2023-11-28T17:12:54.362581,1,1040266,17:20.3,0,143.23252868652344,0,0,5,5044,1.57421875,1692.654541015625,-0.045781102,3308.743896484375,right start,,2023-11-28T17:12:55.567581,1,1041471,17:21.5,0,141.17860412597656,0,0,5,4972,-3.138827801,1733.084961,-1.908176541,3333.78125,end SlightCurve tukattemo iikamo,,2023-11-28T17:12:54.079891,1,1039956,0.5551113486289978,143.84414672851562,0.0,0.0,5,5064.064453125,0.35999998450279236,1682.0870361328125,0.4432249069213867,3302.273193359375,,0.808687,1.205,-1.477085,3
2023-11-28T17:12:57.541741,1,1043418,0.5555299520492554,138.100830078125,0.0,0.0,5,4864.1640625,-1.7999999523162842,1798.6317138671875,-4.86433744430542,3371.16259765625,,2023-11-28T17:12:58.448581,1,1044352,17:24.4,0,136.56613159179688,0,0,5,4812,-6.280254364,1829.893066,-6.268522739,3388.239746,left start,,2023-11-28T17:12:59.506581,1,1045410,17:25.4,0,135.04298400878906,0.069092266,0,5,4764,4.7487335205078125,1865.556884765625,-7.828732967,3406.065918,end,,2023-11-28T17:12:57.742281,1,1043619,0.5555537939071655,137.7824249267578,0.0,0.0,5,4852.60205078125,-2.0249998569488525,1805.350341796875,-5.165206432342529,3374.9150390625,,0.897331,1.058,-1.737925,3
2023-11-28T17:13:05.417437,1,1051293,0.5564987659454346,147.08961486816406,0.0,0.0,5,5177.71875,1.529999852180481,2073.102783203125,-8.511258125305176,3522.075927734375,,2023-11-28T17:13:06.623581,1,1052527,17:32.5,0,143.8863525390625,0.18550299108028412,0,5,5084,-0.625830352,2115.901611328125,-7.272910118,3547.466797,right start,,2023-11-28T17:13:09.303581,1,1055207,17:35.2,0,149.99424743652344,0.30588236451148987,0,5,5327.824707,0.08996582,2209.642333984375,-6.600506783,3602.497802734375,end,,2023-11-28T17:13:05.650732,1,1051527,0.5565281510353088,146.18576049804688,0.05950000882148743,0.0,5,5147.6220703125,2.294999837875366,2081.36767578125,-8.229530334472656,3526.810546875,,1.203975,2.68,-3.638658,3
2023-11-28T17:13:10.801465,1,1056678,0.5571813583374023,154.90821838378906,0.30550000071525574,0.0,5,5495.2333984375,-1.3499999046325684,2263.8935546875,-6.990360736846924,3633.17431640625,,2023-11-28T17:13:10.955581,1,1056859,17:36.9,0,155.3983612060547,0.3016035854816437,0,5,5512.364258,-1.39453125,2270.779541015625,-7.036233425,3636.877685546875,left start,,2023-11-28T17:13:12.169581,1,1058073,17:38.1,0,159.22024536132812,0.3137255012989044,0,5,5644.016113,5.0390625,2317.928466796875,-7.376627445,3661.191162109375,end,,2023-11-28T17:13:11.101803,1,1056978,0.5572213530540466,155.82293701171875,0.3015500009059906,0.0,5,5528.328125,-1.529999852180481,2275.30615234375,-7.070163249969482,3639.29052734375,,0.150441,1.214,-1.04084,3
,,,,,,,,,,,,,,,,,,,,,,,,,,,,,,
,,,,,,,,,,,,,,,,,,,,,,,,,,,,,,
,,,,,,,,,,,,,,,,,,,,,,,,,,,,,,
2023-11-28T17:19:23.662026,1,215754,0.524236798286438,93.54008483886719,0.0,0.0,4,4216.10986328125,-1.5749999284744263,5211.20556640625,11.31375503540039,-4370.00341796875,,2023-11-28T17:19:25.843766,1,217937,03:37.9,0,93.58175659179688,0.20000000298023224,0,4,4240,-1.52650547,5160.354004,9.923954963684082,-4345.90918,right start,,2023-11-28T17:19:28.125766,1,220219,03:40.2,0,104.42686462402344,0.34117648005485535,0,4,4768.441406,-2.33984375,5104.751465,8.399547576904297,-4318.288086,end Curve,,2023-11-28T17:19:23.875464,1,215967,0.5242540836334229,93.21192169189453,0.0,0.0,4,4201.55029296875,-1.1699999570846558,5206.240234375,11.174856185913086,-4367.5859375,,2.164448,2.282,-4.221234,5
2023-11-28T17:19:30.970458,1,223062,0.524881899356842,109.8216781616211,0.0,0.0,4,4945.63134765625,-1.2599998712539673,5029.296875,6.21470308303833,-4274.658203125,,2023-11-28T17:19:31.766766,1,223860,03:43.9,0,108.10323333740234,0,0,4,4868,-3.64453125,5008.777832,5.689390659332275,-4261.911621,left start,,2023-11-28T17:19:33.698766,1,225792,03:45.8,0,105.85376739501953,0.098039217,0,4,4776,3.5546875,4961.400879,4.955076694488525,-4229.632324,end SlightCurve,,2023-11-28T17:19:31.270652,1,223362,0.5249105095863342,109.18934631347656,0.0,0.0,4,4917.89501953125,-1.3049999475479126,5021.5283203125,6.000896453857422,-4269.87646484375,,0.784685,1.932,-2.409956,5
2023-11-28T17:19:34.812368,1,226902,0.5252393484115601,106.1371078491211,0.20235002040863037,0.0,4,4805.31201171875,-0.17999999225139618,4934.31103515625,4.854001522064209,-4211.51220703125,,2023-11-28T17:19:36.447766,1,228541,03:48.5,0,113.44768524169922,0.3485119938850403,0,4,5174.964355,-0.545428932,4893.416504,4.744012832641602,-4183.344238,left start,,2023-11-28T17:19:38.342766,1,230436,03:50.4,0,128.09439086914062,0.4204424321651459,0,4,5849.702637,-0.539550781,4841.601074,4.584004878997803,-4146.655762,end,,2023-11-28T17:19:35.046052,1,227136,0.5252611041069031,106.5299301147461,0.22220000624656677,0.0,4,4828.744140625,-1.1249998807907104,4928.5458984375,4.840668678283691,-4207.7001953125,,1.62009,1.895,-3.281416,5
2023-11-28T17:19:41.708638,1,233799,0.5260030031204224,142.09352111816406,0.0,0.0,4,6381.689453125,0.35999998450279236,4733.6748046875,4.666598796844482,-4073.2646484375,,2023-11-28T17:19:43.825766,1,235919,03:55.9,0,133.60504150390625,0,0,4,6008,3.05859375,4665.160156,5.006104469299316,-4029.747559,right start,,2023-11-28T17:19:44.658766,1,236752,03:56.8,0,130.5228271484375,0,0,4,5868,-5.0390625,4638.652832,5.1021223068237305,-4014.502197,end,,2023-11-28T17:19:41.942796,1,234033,0.5260317921638489,141.16387939453125,0.0,0.0,4,6342.537109375,1.2599998712539673,4726.00341796875,4.672812461853027,-4068.178466796875,,2.084078,0.833,-2.712293,5
2023-11-28T17:19:45.452095,1,237543,0.5264392495155334,128.0113525390625,0.0,0.0,4,5756.65283203125,-2.7899997234344482,4614.4365234375,5.132594108581543,-3999.70068359375,,2023-11-28T17:19:46.490766,1,238584,03:58.6,0,124.74021911621094,0.10748817771673203,0,4,5620,2.96875,4583.787598,5.154093265533447,-3979.856934,right start,,2023-11-28T17:19:47.925766,1,240019,04:00.0,0,124.73456573486328,0.23529411852359772,0,4,5652.449707,-2.3898139,4541.414063,5.2090678215026855,-3954.139648,end renzokuni chikai dekireba tsukawanai,,2023-11-28T17:19:45.618114,1,237708,0.5264576077461243,127.43486785888672,0.0,0.0,4,5731.064453125,-2.4749999046325684,4609.5078125,5.1369242668151855,-3996.5439453125,,1.026026,1.435,-2.297158,5
2023-11-28T17:19:51.125269,1,243216,0.5270629525184631,132.74923706054688,0.24994999170303345,0.0,4,6015.5703125,-0.08999999612569809,4445.46875,5.278043746948242,-3891.91064453125,,2023-11-28T17:19:53.295766,1,245389,04:05.4,0,137.5991211,0.24705882370471954,0,4,6232.355469,-0.314941406,4378.200684,5.292905330657959,-3845.618408,left start,,2023-11-28T17:19:54.828766,1,246922,04:06.9,0,141.48565673828125,0.2705882489681244,0,4,6413.086914,1.3740265369415283,4329.809082,5.290006637573242,-3811.157959,end,,2023-11-28T17:19:51.358956,1,243450,0.5270897746086121,133.30270385742188,0.24994999170303345,0.0,4,6038.7802734375,-0.17999999225139618,4438.28466796875,5.27884578704834,-3887.097412109375,,2.158337,1.533,-3.437773,5
2023-11-28T17:20:07.707203,1,259797,0.5293968319892883,147.77825927734375,0.0,0.0,6,4173.9306640625,-0.8999999761581421,3820.460205078125,11.391654968261719,-3471.851318359375,,2023-11-28T17:20:09.923766,1,262017,04:22.0,0,141.30642700195312,0.090196081,0,6,3998,0.3053344488143921,3745.682861328125,12.765854835510254,-3423.585205,right start,,2023-11-28T17:20:11.008766,1,263102,04:23.1,0,140.45054626464844,0.2235294133424759,0,6,3982,-2.613898516,3709.331055,13.164985656738281,-3401.724365,end,,2023-11-28T17:20:07.966285,1,260055,0.5294294357299805,146.94619750976562,0.0,0.0,6,4150.0009765625,-0.5399999618530273,3811.67138671875,11.5943021774292,-3466.0009765625,,2.185973,1.085,-3.029718,5
2023-11-28T17:20:15.116016,1,267207,0.5303060412406921,147.059814453125,0.2738000154495239,0.0,6,4177.62109375,-0.26999998092651367,3573.0576171875,12.933086395263672,-3312.041259765625,,2023-11-28T17:20:16.638766,1,268732,04:28.7,0,148.53912353515625,0.040550902,0,6,4196,-0.960119188,3521.060791015625,12.122097969055176,-3276.649658,left start,,2023-11-28T17:20:18.267766,1,270361,04:30.4,0,145.41473388671875,0,0,6,4108,0.7244870066642761,3466.769287109375,10.831538200378418,-3238.292969,end,,2023-11-28T17:20:15.281047,1,267372,0.5303270816802979,147.41851806640625,0.2738000154495239,0.0,6,4187.5986328125,-0.4949999749660492,3567.442138671875,12.867294311523438,-3308.298095703125,,1.516494,1.629,-2.977774,5
2023-11-28T17:20:19.912619,1,272001,0.5309091210365295,142.52403259277344,0.0,0.0,6,4026.9931640625,-0.4949999749660492,3412.36669921875,9.449277877807617,-3201.7119140625,,2023-11-28T17:20:21.510766,1,273604,04:33.6,0,140.0475616455078,0.10244027525186539,0,6,3964,1.709960938,3359.706543,8.135950088500977,-3167.341064,right start,,2023-11-28T17:20:22.714766,1,274808,04:34.8,0,140.19781494140625,0.23292569816112518,0,6,3978.791992,-2.528870344,3319.679931640625,7.183109283447266,-3143.066162,end,,2023-11-28T17:20:20.135062,1,272226,0.5309363007545471,142.13125610351562,0.0,0.0,6,4016.569091796875,-0.17999999225139618,3404.979248046875,9.261324882507324,-3196.760986328125,,1.58341,1.204,-2.571213,5
2023-11-28T17:20:28.963162,1,281052,0.5320298671722412,144.59912109375,0.0,0.0,6,4085.30859375,-0.4049999713897705,3108.0810546875,1.8069536685943604,-3003.912841796875,,2023-11-28T17:20:30.677766,1,282771,04:42.8,0,141.5003204345703,0,0,6,3999.506591796875,-2.564453125,3051.864501953125,0.3509807586669922,-2965.098389,left start,,2023-11-28T17:20:31.589766,1,283683,04:43.7,0,140.12611389160156,0.1060885414481163,0,6,3966,3.373046875,3023.253173828125,-0.415537655,-2943.810547,end,,2023-11-28T17:20:29.362636,1,281451,0.5320791602134705,143.88555908203125,0.0,0.0,6,4065.558837890625,-1.3049999475479126,3094.7900390625,1.4616117477416992,-2995.037353515625,,1.699314,0.912,-2.22234,5
2023-11-28T17:20:39.902411,1,291993,0.5334175229072571,158.69773864746094,0.0,0.0,6,4480.201171875,-1.7549998760223389,2735.62744140625,-1.9045509099960327,-2751.99755859375,,2023-11-28T17:20:40.841766,1,292935,04:52.9,0,155.91470336914062,0,0,6,4404,-2.564453125,2701.779297,-1.862751245,-2728.504395,left start,,2023-11-28T17:20:41.782766,1,293876,04:53.9,0,153.25914001464844,0,0,6,4328,1.6439950466156006,2669.315185546875,-1.823211551,-2704.466797,end Curve,,2023-11-28T17:20:40.336104,1,292425,0.5334761142730713,157.45155334472656,0.0,0.0,6,4444.32958984375,-2.0249998569488525,2719.961181640625,-1.8849748373031616,-2741.3056640625,,0.91516,0.941,-1.418136,5
2023-11-28T17:20:44.444660,1,296535,0.5340138077735901,149.07762145996094,0.0,0.0,6,4211.58349609375,-1.3049999475479126,2580.09912109375,-1.4923588037490845,-2637.8505859375,,2023-11-28T17:20:46.028766,1,298122,04:58.1,0,144.77357482910156,0,0,6,4090,0.179931641,2529.350341796875,-1.265248537,-2597.614014,right start,,2023-11-28T17:20:47.301766,1,299395,04:59.4,0,141.4879150390625,0,0,6,3996.961669921875,-1.597538829,2489.562012,-1.110583186,-2566.29248,end SlightCurve,,2023-11-28T17:20:44.678450,1,296769,0.5340436697006226,148.4351806640625,0.0,0.0,6,4193.05517578125,-0.8999999761581421,2572.5107421875,-1.456056833267212,-2631.859619140625,,1.556162,1.273,-2.611696,5
2023-11-28T17:20:49.176655,1,301266,0.5345901846885681,126.27922821044922,0.0,0.3769499957561493,6,3515.648681640625,0.809999942779541,2434.860595703125,-0.9903049468994141,-2520.320068359375,,2023-11-28T17:20:50.842766,1,302936,05:02.9,0,114.32536315917969,0,0,5,4034,5.269390583,2393.173095703125,-0.965835512,-2485.378418,right start,,2023-11-28T17:20:51.865766,1,303959,05:04.0,0,112.67387390136719,0.19915202260017395,0,5,3987.567626953125,-6.003802299,2367.531005859375,-0.970158994,-2465.895264,end,,2023-11-28T17:20:49.344256,1,301434,0.5346080660820007,122.30892181396484,0.0,0.4205999970436096,1,4484.45166015625,1.2599998712539673,2430.46240234375,-0.985386312007904,-2516.54345703125,,1.655676,1.023,-2.51046,5
2023-11-28T17:20:53.740829,1,305829,0.5350409150123596,118.94664001464844,0.3412500023841858,0.0,5,4233.837890625,-1.1699999570846558,2322.20703125,-0.9686505198478699,-2427.119140625,,2023-11-28T17:20:54.235766,1,306329,05:06.3,0,121.3370132446289,0.3490196168422699,0,5,4332,-2.619729757,2309.844970703125,-0.970361471,-2415.871826,left start,,2023-11-28T17:20:55.569766,1,307663,05:07.7,0,128.70054626464844,0.3803921639919281,0,5,4586.907227,3.1484375,2276.040527,-0.968204021,-2384.149658,end renzokugimi,,2023-11-28T17:20:53.973338,1,306063,0.5350649356842041,120.1059799194336,0.3412500023841858,0.0,5,4268.0810546875,-2.069999933242798,2316.447265625,-0.9602977633476257,-2421.9033203125,,0.477585,1.334,-1.565857,5
2023-11-28T17:20:58.461662,1,310551,0.5355775356292725,147.121337890625,0.17855000495910645,0.0,5,5197.61328125,1.3049999475479126,2192.216796875,-4.1392693519592285,-2311.392822265625,,2023-11-28T17:20:59.629766,1,311723,05:11.7,0,145.60922241210938,0,0,5,5122.699707,1.259765625,2155.805908203125,-6.073968887,-2280.5979,right start,,2023-11-28T17:21:00.882766,1,312976,05:13.0,0,143.8957977294922,0.089844517,0,5,5071.641602,-2.478636503,2116.494384765625,-8.112797737,-2249.196289,end,,2023-11-28T17:20:58.660354,1,310749,0.5356025695800781,147.2405242919922,0.08330002427101135,0.0,5,5193.783203125,2.4749999046325684,2186.12646484375,-4.463778972625732,-2306.067626953125,,1.161718,1.253,-2.205475,5
2023-11-28T17:21:01.559943,1,313650,0.535962700843811,143.64877319335938,0.10715001821517944,0.0,5,5065.9091796875,-3.059999704360962,2095.9755859375,-9.201090812683105,-2231.8544921875,,2023-11-28T17:21:02.151766,1,314245,05:14.2,0,143.61434936523438,0.13725490868091583,0,5,5069.874023,-0.161729217,2078.254638671875,-10.16782284,-2216.09375,left start,,2023-11-28T17:21:04.052766,1,316146,05:16.1,0,144.54811096191406,0.18039216101169586,0,5,5108,-1.068678141,2021.9569091796875,-13.25583458,-2165.000732,end renzoku gimi,,2023-11-28T17:21:01.760072,1,313848,0.5359869599342346,143.5817108154297,0.11904999613761902,0.0,5,5068.11962890625,-2.56499981880188,2090.03125,-9.528735160827637,-2226.6630859375,,0.591283,1.901,-2.283139,5
2023-11-28T17:21:11.322725,1,323412,0.5372318029403687,153.38661193847656,0.0,0.0,5,5395.478515625,0.5849999785423279,1785.4862060546875,-19.85947608947754,-1960.35546875,,2023-11-28T17:21:12.742766,1,324836,05:24.8,0,148.71597290039062,0,0,5,5233.677246,0.7124724984169006,1739.835693359375,-19.89925385,-1921.760864,right start,,2023-11-28T17:21:14.365766,1,326459,05:26.5,0,144.74795532226562,0.14801925420761108,0,5,5108,-1.529296875,1688.630126953125,-19.72779655,-1880.112061,end,,2023-11-28T17:21:11.589943,1,323679,0.5372666120529175,152.51470947265625,0.0,0.0,5,5367.1005859375,0.6299999356269836,1776.8955078125,-19.88641929626465,-1952.9486083984375,,1.39325,1.623,-2.758022,5
2023-11-28T17:21:18.852107,1,330939,0.5381684899330139,142.7232666015625,0.11505001783370972,0.0,5,5037.10400390625,0.6749999523162842,1552.3134765625,-18.398107528686523,-1763.48583984375,,2023-11-28T17:21:20.710766,1,332804,05:32.8,0,139.62689208984375,0.14509804546833038,0,5,4931.155762,-2.132241011,1497.475098,-17.29751587,-1715.084595,left start,,2023-11-28T17:21:22.043766,1,334137,05:34.1,0,139.4336700439453,0.24561208486557007,0,5,4942.524414,0.719726563,1459.717773,-16.51137543,-1679.967407,end,,2023-11-28T17:21:19.484974,1,331572,0.5382452607154846,141.6037139892578,0.1269499957561493,0.0,5,4998.3935546875,-0.6749999523162842,1533.4903564453125,-18.024250030517578,-1747.0469970703125,,1.857586,1.333,-2.535701,5
2023-11-28T17:21:24.648130,1,336738,0.5388647317886353,143.7637176513672,0.26980000734329224,0.0,5,5095.53759765625,0.9449999332427979,1382.6126708984375,-14.70129680633545,-1612.75341796875,,2023-11-28T17:21:25.298766,1,337392,05:37.4,0,144.68934631347656,0.26274511218070984,0,5,5132,1.079101563,1362.3424072265625,-14.03547955,-1596.130615,right start,,2023-11-28T17:21:26.700766,1,338794,05:38.8,0,146.1403045654297,0.15294118225574493,0,5,5164,-2.33984375,1318.1346435546875,-12.52147675,-1560.554932,end,,2023-11-28T17:21:24.848763,1,336936,0.5388891696929932,144.08599853515625,0.26980000734329224,0.0,5,5108.62841796875,0.9449999332427979,1376.5106201171875,-14.511674880981445,-1607.7138671875,,0.621518,1.402,-1.818748,5
2023-11-28T17:21:29.180469,1,341268,0.5394198894500732,137.66270446777344,0.0,0.0,5,4848.85400390625,-0.7649999260902405,1243.8515625,-9.921502113342285,-1497.02490234375,,2023-11-28T17:21:30.219766,1,342313,05:42.3,0,133.7465057373047,0,0,5,4708,-3.625636816,1214.3592529296875,-8.870548248,-1470.905884,left start,,2023-11-28T17:21:31.329766,1,343423,05:43.4,0,130.8050079345703,0.1568627506494522,0,5,4624,2.851508140563965,1184.8990478515625,-7.787185669,-1442.832886,end,,2023-11-28T17:21:29.413261,1,341502,0.5394473671913147,136.78407287597656,0.0,0.0,5,4817.9814453125,-0.7649999260902405,1237.1312255859375,-9.678382873535156,-1491.1673583984375,,1.037221,1.11,-1.889042,5
2023-11-28T17:21:35.256421,1,347343,0.5401080250740051,133.1569366455078,0.0,0.0,5,4690.27099609375,-5.84999942779541,1079.5469970703125,-3.891732692718506,-1344.7022705078125,,2023-11-28T17:21:37.150766,1,349244,05:49.2,0,127.8573989868164,0.2070113867521286,0,5,4523.151367,-5.947442055,1038.4442138671875,-2.164116621,-1289.850342,left start,,2023-11-28T17:21:38.244766,1,350338,05:50.3,0,128.8077850341797,0.24313725531101227,0,5,4562.755371,-3.193359375,1019.2189331054688,-1.759234309,-1255.999756,end Curve,,2023-11-28T17:21:35.456315,1,347544,0.5401308536529541,132.37786865234375,0.0,0.0,5,4666.869140625,-5.669999599456787,1074.673583984375,-3.6952250003814697,-1339.12109375,,1.890164,1.094,-2.767037,5
2023-11-28T17:21:47.894245,1,359982,0.5415300726890564,126.31453704833984,0.0,0.0,5,4450.57958984375,0.44999998807907104,943.0654296875,-0.8264244198799133,-915.236083984375,,2023-11-28T17:21:48.847766,1,360941,06:00.9,0,123.69445037841797,0,0,5,4360,5.474350929260254,942.1098022460938,-0.764352381,-881.9220581,right start,,2023-11-28T17:21:49.654766,1,361748,06:01.7,0,121.87144470214844,0.07984145,0,5,4300,-7.33203125,940.0942993164062,-0.781399667,-854.4876099,end Curve,,2023-11-28T17:21:48.070844,1,360159,0.5415491461753845,125.84233093261719,0.0,0.0,5,4434.52099609375,0.8549998998641968,942.952392578125,-0.810581386089325,-909.0388793945312,,0.93935,0.807,-1.570215,5
2023-11-28T17:21:52.968137,1,365055,0.5420605540275574,124.97317504882812,0.24204999208450317,0.0,5,4434.3046875,-1.9799998998641968,939.0962524414062,-1.1276817321777344,-742.3191528320312,,2023-11-28T17:21:54.114766,1,366208,06:06.2,0,127.8577880859375,0.27450981736183167,0,5,4540,-0.314941406,939.9428711,-1.2575773,-701.8362427,left start,,2023-11-28T17:21:56.031766,1,368125,06:08.1,0,133.7774200439453,0.29019609093666077,0,5,4748,1.57421875,941.6688232421875,-0.99597013,-632.1489868,end,,2023-11-28T17:21:53.259549,1,365346,0.5420916080474854,125.63111877441406,0.24994999170303345,0.0,5,4458.04833984375,-2.0249998569488525,939.2098388671875,-1.1580100059509277,-732.1907958984375,,1.127036,1.917,-2.770097,5
2023-11-28T17:21:59.542590,1,371631,0.5428090691566467,135.17787170410156,0.0,0.0,5,4763.8232421875,-0.17999999225139618,942.057373046875,2.128011703491211,-498.3148498535156,,2023-11-28T17:22:01.804766,1,373898,06:13.9,0,126.72582244873047,0,0,5,4464,-0.664682388,941.9212646484375,4.571506977081299,-415.9162903,right start,,2023-11-28T17:22:03.238766,1,375332,06:15.3,0,121.98957824707031,0,0.12489074468612671,5,4276.174805,-1.891610384,941.7667846679688,5.603126049041748,-366.3791199,end SlightCurve,,2023-11-28T17:21:59.799952,1,371886,0.5428382754325867,134.17735290527344,0.0,0.0,5,4723.326171875,0.08999999612569809,942.1380615234375,2.4418678283691406,-488.78216552734375,,2.243653,1.434,-3.427748,5
2023-11-28T17:22:04.397418,1,376485,0.5433295965194702,115.67383575439453,0.0,0.0,5,4079.2529296875,0.7649999260902405,942.8848876953125,6.16948938369751,-328.7427062988281,,2023-11-28T17:22:05.561766,1,377655,06:17.7,0,112.52711486816406,0,0,5,3970.322509765625,5.974036217,943.4277954101562,6.536785125732422,-291.6523743,right start,,2023-11-28T17:22:06.315766,1,378409,06:18.4,0,110.81425476074219,0.082352944,0,5,3913.796630859375,-9.440548897,942.5192260742188,6.670167922973633,-268.294342,end SlightCurve,,2023-11-28T17:22:04.610023,1,376698,0.5433505773544312,115.10293579101562,0.0,0.0,5,4058.303466796875,0.9449999332427979,943.0877075195312,6.24957799911499,-321.9198303222656,,1.163294,0.754,-1.704687,5
2023-11-28T17:22:14.091559,1,386178,0.544359028339386,137.8941650390625,0.0,0.0,5,4857.27880859375,1.3499999046325684,944.3662109375,6.176559925079346,6.692143440246582,,2023-11-28T17:22:14.723766,1,386817,06:26.8,0,136.0808105,0,0,5,4793.521484,0.449951172,943.7056274414062,6.083525657653809,31.01184844970703,left start,,2023-11-28T17:22:16.912766,1,389006,06:29.0,0,135.22955322265625,0.3003065288066864,0,5,4800,-0.719726563,940.5305786132812,5.757717609405518,112.69451904296875,end SlightCurve,,2023-11-28T17:22:14.314798,1,386403,0.5443854331970215,137.2734375,0.0,0.0,5,4836.20703125,1.3499999046325684,944.1603393554688,6.139986038208008,15.287792205810547,,0.62645,2.189,-2.586425,5
2023-11-28T17:22:23.243181,1,395331,0.5454741716384888,154.7241973876953,0.06350001692771912,0.0,5,5450.8681640625,-0.7199999690055847,936.3845825195312,5.256232738494873,370.12139892578125,,2023-11-28T17:22:24.844766,1,396938,06:36.9,0,153.0884552001953,0.24705882370471954,0,5,5420,-1.349609375,937.2603149414062,5.466234207,438.5418395996094,left start,,2023-11-28T17:22:26.018766,1,398112,06:38.1,0,156.08348083496094,0.3333333432674408,0,5,5546.493652,2.068359375,939.0643310546875,5.621721267700195,488.87347412109375,end,,2023-11-28T17:22:23.476285,1,395562,0.5455045700073242,154.0911407470703,0.03970000147819519,0.0,5,5426.5166015625,-1.529999852180481,936.3555908203125,5.284162521362305,380.02880859375,,1.581442,1.174,-2.517661,5
2023-11-28T17:22:28.984354,1,401073,0.5462310314178467,151.31919860839844,0.0,0.0,5,5324.0439453125,-0.17999999225139618,939.6942749023438,6.004152774810791,616.9312744140625,,2023-11-28T17:22:31.361766,1,403455,06:43.5,0,144.36776733398438,0.15294118225574493,0,5,5104,0.854980469,938.4060059,6.301446914672852,714.5119629,right start,,2023-11-28T17:22:32.476766,1,404570,06:44.6,0,143.8753204345703,0.18502627313137054,0,5,5084,-3.013671875,936.3368530273438,6.442734718322754,759.1156616210938,end,,2023-11-28T17:22:29.418341,1,401505,0.5462865829467773,149.8723602294922,0.0,0.0,5,5276.1748046875,0.17999999225139618,939.7697143554688,6.05714225769043,635.000732421875,,2.35606,1.115,-3.040918,5
2023-11-28T17:22:35.825943,1,407913,0.5470778942108154,144.61553955078125,0.1904500126838684,0.0,5,5111.86669921875,0.13499999046325684,935.3519897460938,6.8434906005859375,893.0598754882812,,2023-11-28T17:22:37.367766,1,409461,06:49.5,0,144.80201721191406,0.20887327194213867,0,5,5124,1.079101563,934.3016357421875,6.822461128234863,955.3003540039062,right start,,2023-11-28T17:22:38.446766,1,410540,06:50.5,0,146.1575927734375,0.23999068140983582,0,5,5176,-2.770773649,932.2593383789062,6.697882175445557,998.8554688,end,,2023-11-28T17:22:36.092865,1,408180,0.5471106767654419,144.6223602294922,0.1904500126838684,0.0,5,5111.68359375,0.7199999690055847,935.3121337890625,6.8610968589782715,903.7857666015625,,1.538154,1.079,-2.342897,5
2023-11-28T17:22:40.789708,1,412878,0.5476966500282288,146.6844024658203,0.0,0.0,5,5164.54931640625,-2.249999761581421,931.4258422851562,6.631324768066406,1094.7891845703125,,2023-11-28T17:22:41.467766,1,413561,06:53.6,0,144.3256378173828,0.062745102,0,5,5085.856934,-1.934570313,932.1156005859375,6.873675346374512,1122.386474609375,left start,,2023-11-28T17:22:42.690766,1,414784,06:54.8,0,142.72195434570312,0.2235294133424759,0,5,5052,0.719726563,933.9077148,7.6435770988464355,1171.0494384765625,end,,2023-11-28T17:22:41.024142,1,413109,0.5477253794670105,145.9043731689453,0.0,0.0,5,5136.94384765625,-2.3399999141693115,931.5899047851562,6.70117712020874,1104.173583984375,,0.654164,1.223,-1.643352,5
2023-11-28T17:22:45.498834,1,417585,0.5482734441757202,145.62393188476562,0.27775001525878906,0.0,5,5165.52001953125,-1.1699999570846558,934.3878784179688,10.850682258605957,1282.8931884765625,,2023-11-28T17:22:47.321766,1,419415,06:59.4,0,148.76319885253906,0.2823529541492462,0,5,5276,-0.351624757,934.2912598,12.88900375366211,1357.675537109375,right start,,2023-11-28T17:22:48.819766,1,420913,07:00.9,0,151.8612060546875,0.29411765933036804,0,5,5388,-3.734375,934.7545776367188,13.97927474975586,1420.240234,end Curve,,2023-11-28T17:22:45.709586,1,417795,0.5482995510101318,145.94284057617188,0.27775001525878906,0.0,5,5179.0185546875,-1.3049999475479126,934.3614501953125,11.122825622558594,1291.3931884765625,,1.818175,1.498,-3.103118,5
2023-11-28T17:23:03.323785,1,435411,0.550830602645874,171.0346221923828,0.0,0.0,6,4815.33349609375,-1.4399999380111694,1096.0997314453125,12.141960144042969,2096.649169921875,,2023-11-28T17:23:04.602766,1,436696,07:16.7,0,165.5625,0.023529412,0,6,4672,-1.799804688,1112.9141845703125,14.039251327514648,2154.29248,left start,,2023-11-28T17:23:05.548766,1,437642,07:17.6,0,162.09066772460938,0.082352944,0,6,4576.171387,2.527223587036133,1126.2530517578125,15.392800331115723,2195.184814453125,end,,2023-11-28T17:23:03.657198,1,435744,0.5508788824081421,169.5897979736328,0.0,0.0,6,4784.17626953125,-2.0249998569488525,1100.274169921875,12.637593269348145,2111.8291015625,,1.257382,0.946,-1.863774,2
,,,,,,,,,,,,,,,,,,,,,,,,,,,,,,
,,,,,,,,,,,,,,,,,,,,,,,,,,,,,,
,,,,,,,,,,,,,,,,,,,,,,,,,,,,,,
2023-11-28T17:33:43.723527,1,1075797,0.5240049958229065,106.7176513671875,0.21825000643730164,0.0,4,4816.607421875,-0.22499999403953552,5279.19775390625,12.784836769104004,-4398.2919921875,,2023-11-28T17:33:45.410766,1,1077504,17:57.5,0,110.33326721191406,0.18039216101169586,0,4,4992,-0.224975586,5232.084961,11.835972785949707,-4377.510254,right start,,2023-11-28T17:33:47.171766,1,1079265,17:59.3,0,114.07234954833984,0.23529411852359772,0,4,5175.365234,-2.7890625,5182.041016,10.490133285522461,-4355.216797,end SlightCurve,,2023-11-28T17:33:47.000583,1,1079076,0.5243207216262817,113.53372192382812,0.2301500141620636,0.0,4,5148.09716796875,-2.8349997997283936,5187.48291015625,10.638426780700684,-4357.732421875,,1.669066,1.761,-0.14401,2
2023-11-28T17:33:55.062065,1,1087137,0.5252174139022827,127.36841583251953,0.05555000901222229,0.0,4,5733.96240234375,-0.6299999356269836,4940.12841796875,4.865814685821533,-4215.31640625,,2023-11-28T17:33:56.637766,1,1088731,18:08.7,0,124.18107604980469,0.13333334028720856,0,4,5604,1.9381080865859985,4893.300293,4.768031597137451,-4185.330078,right start,,2023-11-28T17:33:58.395766,1,1090489,18:10.5,0,124.93019104003906,0.23137255012989044,0,4,5660,-1.754882813,4841.79248,4.673496723175049,-4153.482422,end,,2023-11-28T17:33:58.794688,1,1090869,0.525622546672821,125.83951568603516,0.2459999918937683,0.0,4,5705.33447265625,-1.1699999570846558,4830.65576171875,4.662056922912598,-4146.3291015625,,1.557768,1.758,0.398923,2
2023-11-28T17:34:18.138927,1,1110213,0.527634859085083,82.77400207519531,0.16269999742507935,0.0,4,3749.800537109375,0.08999999612569809,4292.40478515625,5.351202011108398,-3789.949462890625,,2023-11-28T17:34:21.293766,1,1113387,18:33.4,0,93.84346771240234,0.2823529541492462,0,4,4274.492676,-1.484375,4228.990234,5.371601104736328,-3746.548828,left start,,2023-11-28T17:34:23.054766,1,1115148,18:35.1,0,103.19754791259766,0.30588236451148987,0,4,4700.11084,2.294921875,4189.973145,5.363816261291504,-3718.296387,end,,2023-11-28T17:34:21.904333,1,1113978,0.5279217958450317,96.86933135986328,0.289650022983551,0.0,4,4412.263671875,-0.8549998998641968,4216.29345703125,5.369277000427246,-3737.392333984375,,3.150573,1.761,-1.130803,2
2023-11-28T17:34:25.869262,1,1117944,0.5282899141311646,118.63819885253906,0.31744998693466187,0.0,4,5398.25732421875,-0.4949999749660492,4118.37255859375,5.393203258514404,-3670.23486328125,,2023-11-28T17:34:27.683766,1,1119777,18:39.8,0,128.2203826904297,0.3333333432674408,0,4,5838.427734,1.529296875,4065.665771484375,5.517028331756592,-3635.949951,right start,,2023-11-28T17:34:29.377766,1,1121471,18:41.5,0,135.588623,0.3019607961177826,0,4,6156,-1.709960938,4012.729736328125,6.124652386,-3603.103271,end,,2023-11-28T17:34:29.035040,1,1121109,0.5286355018615723,134.48513793945312,0.2738000154495239,0.0,4,6100.1708984375,-1.7099997997283936,4024.264404296875,5.947410583496094,-3610.294677734375,,1.807643,1.694,-0.32744,2
2023-11-28T17:34:30.336098,1,1122411,0.5287879705429077,137.745361328125,0.25394999980926514,0.0,4,6240.560546875,-1.7999999523162842,3982.681396484375,6.694576263427734,-3583.79736328125,,2023-11-28T17:34:31.609766,1,1123703,18:43.7,0,140.91175842285156,0.30980393290519714,0,4,6401.429199,-1.844726563,3941.42041,7.755845546722412,-3555.660156,left start,,2023-11-28T17:34:32.848766,1,1124942,18:44.9,0,144.82908630371094,0.30980393290519714,0,4,6576,3.150388240814209,3901.523193359375,9.036351203918457,-3526.878418,end renzoku gmi?,,2023-11-28T17:34:32.220402,1,1124295,0.5290141701698303,142.9055633544922,0.31744998693466187,0.0,4,6490.70556640625,0.17999999225139618,3922.487060546875,8.352679252624512,-3542.04541015625,,1.265098,1.239,-0.624056,2
2023-11-28T17:34:40.904946,1,1132980,0.5301163196563721,142.96310424804688,0.13885000348091125,0.0,5,5047.0205078125,-0.35999998450279236,3626.254150390625,13.280670166015625,-3343.083251953125,,2023-11-28T17:34:42.423766,1,1134517,18:54.5,0,141.8685760498047,0.16078431904315948,0,5,5012,-0.584960938,3575.965087890625,12.876350402832031,-3308.885986,left start,,2023-11-28T17:34:45.170766,1,1137264,18:57.3,0,139.52479553222656,0,0,5,4914.382324,1.475792407989502,3487.208984,11.23996353149414,-3247.556152,end,,2023-11-28T17:34:44.393760,1,1136466,0.530541181564331,141.39846801757812,0.047600001096725464,0.0,5,4982.474609375,-2.0249998569488525,3512.654296875,11.835164070129395,-3265.5,,1.495761,2.747,-0.769524,2
2023-11-28T17:34:50.645561,1,1142721,0.5312218070030212,87.28825378417969,0.0,0.0,4,3937.540771484375,0.7649999260902405,3330.1611328125,7.263229846954346,-3142.434814453125,,2023-11-28T17:34:52.756766,1,1144850,19:04.9,0,84.10730743408203,0,0,4,3793.663086,2.744140625,3287.461669921875,6.2123894691467285,-3115.140869,right start,,2023-11-28T17:34:54.528766,1,1146622,19:06.6,0,82.03899383544922,0.094117649,0,4,3708,-3.193359375,3252.405517578125,5.385913372039795,-3094.269287,end,,2023-11-28T17:34:53.712327,1,1145787,0.5314454436302185,82.79047393798828,0.0,0.0,4,3734.929931640625,0.35999998450279236,3268.84375,5.772297382354736,-3103.9853515625,,2.101088,1.772,-0.813833,2
2023-11-28T17:34:54.532961,1,1146606,0.5315032601356506,82.07796478271484,0.09525001049041748,0.0,4,3709.218017578125,-3.194999933242798,3252.725830078125,5.393494129180908,-3094.460693359375,,2023-11-28T17:34:56.612766,1,1148706,19:08.7,0,86.66895294189453,0.3607843220233917,0,4,3964.862060546875,0.899902344,3211.483154296875,4.403712749481201,-3068.954102,right start,,2023-11-28T17:34:58.500766,1,1150594,19:10.6,0,102.87644958496094,0.3764705955982208,0,4,4700.404297,-2.33984375,3169.004395,3.385394573,-3043.074707,end renzoku gimi,,2023-11-28T17:34:58.276249,1,1150350,0.5317850112915039,100.77943420410156,0.3769499957561493,0.0,4,4609.08935546875,-2.294999837875366,3174.910888671875,3.5293824672698975,-3046.67578125,,2.066189,1.888,-0.190489,2
2023-11-28T17:35:02.828165,1,1154901,0.5322509407997131,134.83631896972656,0.3095000088214874,0.0,4,6121.6728515625,1.0799999237060547,3048.46630859375,0.30179619789123535,-2964.2490234375,,2023-11-28T17:35:05.880766,1,1157974,19:18.0,0,145.7970428466797,0.1725490242242813,0,4,6584,0.719726563,2948.418701171875,-2.053278685,-2896.438721,left start,,2023-11-28T17:35:06.931766,1,1159025,19:19.0,0,144.81674194335938,0.13725490868091583,0,4,6527.23291,2.068359375,2914.132813,-2.186484098,-2871.381348,end,,2023-11-28T17:35:05.940264,1,1158015,0.5326290130615234,145.86502075195312,0.17059999704360962,0.0,4,6584.35791015625,0.809999942779541,2947.11376953125,-2.0694339275360107,-2895.465576171875,,3.031915,1.051,-0.974584,2
2023-11-28T17:35:10.870728,1,1162944,0.5332320332527161,139.53366088867188,0.15080001950263977,0.0,4,6294.189453125,0.4949999749660492,2785.968505859375,-1.9934122562408447,-2784.892822265625,,2023-11-28T17:35:13.362766,1,1165456,19:25.5,0,139.54232788085938,0.18039216101169586,0,4,6304,-3.003088236,2704.334961,-1.842169642,-2732.310791,right start,,2023-11-28T17:35:16.101766,1,1168195,19:28.2,0,139.5971221923828,0.2078431397676468,0,4,6310.024902,-2.632116556,2616.158935546875,-1.596391797,-2673.289307,end Curve,,2023-11-28T17:35:14.836132,1,1166910,0.5337054133415222,139.48806762695312,0.17855000495910645,0.0,4,6297.63427734375,-1.7549998760223389,2656.924560546875,-1.7294286489486694,-2701.876220703125,,2.482402,2.739,-1.264557,2
2023-11-28T17:35:27.128496,1,1179201,0.535167932510376,126.48465728759766,0.0,0.0,4,5685.70263671875,-1.3949998617172241,2290.589111328125,-0.9722346067428589,-2400.7861328125,,2023-11-28T17:35:29.424766,1,1181518,19:41.5,0,120.18950653076172,0.047058824,0,4,5404,-0.04498291,2231.42334,-1.954321861,-2348.292969,left start,,2023-11-28T17:35:32.019766,1,1184113,19:44.1,0,118.30703735351562,0.090196081,0,4,5332.861328,1.529296875,2167.826904296875,-5.434414387,-2290.808838,end,,2023-11-28T17:35:31.039825,1,1183113,0.5355745553970337,118.73857116699219,0.08730000257492065,0.0,4,5352.79248046875,-0.8999999761581421,2192.123291015625,-4.098724842071533,-2313.012451171875,,2.29202,2.595,-0.947269,2
2023-11-28T17:35:33.804010,1,1185879,0.5358545780181885,117.78936767578125,0.08330002427101135,0.0,4,5310.888671875,-1.214999794960022,2124.517333984375,-7.780738353729248,-2252.4296875,,2023-11-28T17:35:36.695766,1,1188789,19:48.8,0,117.82535552978516,0.13333334028720856,0,4,5317.621094,0.5761624574661255,2052.052001953125,-11.63620663,-2191.107178,right start,,2023-11-28T17:35:38.369766,1,1190463,19:50.5,0,119.51995849609375,0.1764705926179886,0,4,5400,-1.482019424,2009.1048583984375,-13.87138939,-2156.576416,end,,2023-11-28T17:35:38.136640,1,1190211,0.5362911224365234,119.1483154296875,0.17059999704360962,0.0,4,5385.0283203125,-2.069999933242798,2015.5931396484375,-13.52996826171875,-2161.869873046875,,2.874911,1.674,-0.203367,2
2023-11-28T17:35:43.766209,1,1195839,0.5369023084640503,134.0267791748047,0.0,0.0,4,6029.47119140625,-0.4049999713897705,1864.6517333984375,-19.527721405029297,-2032.8427734375,,2023-11-28T17:35:45.497766,1,1197591,19:57.6,0,128.6603240966797,0.16165314614772797,0,4,5804,-2.564453125,1816.8331298828125,-19.7322979,-1990.592529,left start,,2023-11-28T17:35:47.107766,1,1199201,19:59.2,0,133.06973266601562,0.3686274588108063,0,4,6070.28418,1.2084624767303467,1774.1009521484375,-19.88499832,-1951.185669,end,,2023-11-28T17:35:46.565670,1,1198638,0.5372135043144226,130.3867645263672,0.29360002279281616,0.0,4,5913.84033203125,1.9799998998641968,1789.3233642578125,-19.84482192993164,-1965.0877685546875,,1.719749,1.61,-0.516064,2
2023-11-28T17:35:56.659394,1,1208733,0.5385345220565796,130.303466796875,0.0,0.0,5,4592.03125,0.08999999612569809,1464.2843017578125,-16.59540367126465,-1682.9451904296875,,2023-11-28T17:35:58.675766,1,1210769,20:10.8,0,126.76901245117188,0.21083073318004608,0,5,4484,0.17776969075202942,1408.9517822265625,-15.4541235,-1636.352417,right start,,2023-11-28T17:36:00.233766,1,1212327,20:12.3,0,131.14962768554688,0.36470589,0,5,4670.537598,-1.349609375,1365.6343994140625,-14.19809341,-1601.508667,end,,2023-11-28T17:35:59.926681,1,1212000,0.538890540599823,129.8434295654297,0.3412500023841858,0.0,5,4621.3779296875,-1.3499999046325684,1374.8125,-14.498093605041504,-1609.0380859375,,1.988004,1.558,-0.293868,2
2023-11-28T17:36:05.947374,1,1218021,0.5396174788475037,140.79055786132812,0.0,0.0,5,4958.56494140625,-1.2599998712539673,1194.6854248046875,-8.20516586303711,-1455.4783935546875,,2023-11-28T17:36:07.183766,1,1219277,20:19.3,0,135.92018127441406,0,0,5,4788,-2.69921875,1158.9630126953125,-6.921518326,-1423.0448,left start,,2023-11-28T17:36:08.068766,1,1220162,20:20.2,0,133.77362060546875,0.20000000298023224,0,5,4732,2.5628738403320312,1135.2952880859375,-6.013197899,-1399.908081,end Curve,,2023-11-28T17:36:08.320085,1,1220394,0.5398935675621033,133.76283264160156,0.24994999170303345,0.0,5,4737.72607421875,2.249999761581421,1129.1422119140625,-5.79400110244751,-1393.9000244140625,,1.219081,0.885,0.25923,2
2023-11-28T17:36:10.217905,1,1222290,0.5401138067245483,139.83395385742188,0.3928000032901764,0.0,5,4980.9921875,-4.949999809265137,1078.6904296875,-3.8651320934295654,-1342.97509765625,,2023-11-28T17:36:13.488766,1,1225582,20:25.6,0,135.2379608154297,0,0,5,4762.825684,-3.509765625,1005.3047485351562,-1.535234571,-1238.647827,right start,,2023-11-28T17:36:15.164766,1,1227258,20:27.3,0,130.4359588623047,0,0,5,4595.886719,-6.933442116,977.3480224609375,-1.421086907,-1183.505371,end Curve,,2023-11-28T17:36:10.774756,1,1222848,0.5401809811592102,142.40855407714844,0.31744998693466187,0.0,5,5063.8837890625,-4.635000228881836,1064.469970703125,-3.26735782623291,-1326.35205078125,,3.25745,1.676,-4.383609,2
2023-11-28T17:36:16.460224,1,1228533,0.5408336520195007,126.72541046142578,0.0,0.0,5,4467.3642578125,-5.894999980926514,961.342529296875,-1.2977337837219238,-1140.922119140625,,2023-11-28T17:36:18.000766,1,1230094,20:30.1,0,123.77250671386719,0.20000000298023224,0,5,4380,-5.89453125,948.8909301757812,-1.194933295,-1088.246338,left start,,2023-11-28T17:36:19.372766,1,1231466,20:31.5,0,125.86898803710938,0.27843138575553894,0,5,4474.208984,-3.419921875,943.2383422851562,-1.155790687,-1041.125244,end Curve,,2023-11-28T17:36:19.905884,1,1231977,0.5411990284919739,127.73048400878906,0.31744998693466187,0.0,5,4546.24755859375,-3.194999933242798,941.9528198242188,-1.1318660974502563,-1023.1806030273438,,1.50588,1.372,0.542007,2
2023-11-28T17:36:24.323297,1,1236396,0.5417159199714661,144.90367126464844,0.27775001525878906,0.0,5,5140.345703125,0.35999998450279236,939.1373291015625,-0.7784865498542786,-854.65673828125,,2023-11-28T17:36:25.534766,1,1237628,20:37.6,0,148.76934814453125,0.30588236451148987,0,5,5284,2.11328125,938.4892578,-0.932624519,-804.4058228,right start,,2023-11-28T17:36:27.451766,1,1239545,20:39.5,0,155.2663574,0.3137255012989044,0,5,5508,0.719726563,936.3718262,-1.188006043,-723.4604492,end,,2023-11-28T17:36:27.288807,1,1239360,0.5420938730239868,154.66973876953125,0.31744998693466187,0.0,5,5492.36279296875,-0.6749999523162842,936.4911499023438,-1.1594892740249634,-731.4425048828125,,1.192371,1.917,-0.152361,2
2023-11-28T17:36:34.217940,1,1246290,0.543038547039032,152.03753662109375,0.0,0.0,5,5348.61669921875,-2.0249998569488525,935.6847534179688,4.382970333099365,-423.4150695800781,,2023-11-28T17:36:35.715766,1,1247809,20:47.8,0,145.9728240966797,0,0,5,5139.703613,-2.779068708,938.6097412109375,5.700244426727295,-360.6473694,left start,,2023-11-28T17:36:36.722766,1,1248816,20:48.8,0,142.3969727,0,0,5,5015.148926,3.660773754119873,942.3560791015625,6.265372276306152,-320.4862976,end SlightCurve,,2023-11-28T17:36:36.762745,1,1248834,0.5433568954467773,142.39564514160156,0.0,0.0,5,5014.53173828125,3.5099997520446777,942.4161987304688,6.272761344909668,-319.784423828125,,1.486303,1.007,0.046306,2
2023-11-28T17:36:38.538534,1,1250610,0.5435681939125061,137.35635375976562,0.11505001783370972,0.0,5,4845.55419921875,0.9899999499320984,946.1803588867188,6.734206199645996,-251.00233459472656,,2023-11-28T17:36:40.019766,1,1252113,20:52.1,0,136.3668212890625,0.2588861882686615,0,5,4836,1.5285792350769043,947.0033569335938,6.890450954437256,-193.9565125,right start,,2023-11-28T17:36:41.437766,1,1253531,20:53.5,0,141.878418,0.3607843220233917,0,5,5052,-1.169921875,945.7943725585938,6.766942024230957,-139.2523804,end SlightCurve,,2023-11-28T17:36:42.160538,1,1254231,0.5439966320991516,145.63438415527344,0.38089999556541443,0.0,5,5181.91796875,-0.08999999612569809,945.5814819335938,6.652031898498535,-111.32923889160156,,1.461095,1.418,0.729653,2
2023-11-28T17:36:58.574361,1,1270647,0.5465364456176758,140.44705200195312,0.0,0.0,6,3969.90869140625,-0.3149999678134918,932.7243041992188,6.310161113739014,716.492431640625,,2023-11-28T17:36:59.091766,1,1271185,21:11.2,0,139.06414794921875,0,0,6,3930,0.40681904554367065,932.9899902,6.370829105377197,737.4082641601562,left start,,2023-11-28T17:37:01.437766,1,1273531,21:13.5,0,136.1728973388672,0.239215687,0,6,3866,2.248046875,934.7286376953125,6.641409397125244,826.5717773,end,,2023-11-28T17:37:01.350614,1,1273422,0.5468614101409912,136.13671875,0.24204999208450317,0.0,6,3863.237548828125,2.249999761581421,934.6158447265625,6.632706165313721,822.4417724609375,,0.496261,2.346,-0.081782,2
2023-11-28T17:37:03.904003,1,1275975,0.5471587777137756,137.1976776123047,0.23410001397132874,0.0,6,3893.381591796875,0.7199999690055847,935.2026977539062,6.872946262359619,919.4325561523438,,2023-11-28T17:37:05.288766,1,1277382,21:17.4,0,139.57559204101562,0.3006158173084259,0,6,3971.313965,0.30067259073257446,934.2563477,6.769730567932129,973.4597168,right start,,2023-11-28T17:37:07.394766,1,1279488,21:19.5,0,146.73983764648438,0.3686274588108063,0,6,4180,0.2676381766796112,932.1306762695312,6.549427032470703,1057.0782470703125,end,,2023-11-28T17:37:06.980489,1,1279053,0.5475268363952637,145.11416625976562,0.34915000200271606,0.0,6,4131.78125,0.6299999356269836,932.5087890625,6.585460662841797,1039.4378662109375,,1.36051,2.106,-0.398707,2
2023-11-28T17:37:16.420918,1,1288491,0.5487295985221863,138.98033142089844,0.0,0.0,6,3927.813720703125,-3.239999771118164,934.796875,14.118810653686523,1431.7418212890625,,2023-11-28T17:37:17.477766,1,1289571,21:29.6,0,135.9656982421875,0,0,6,3845.572998046875,-4.377900124,938.8626098632812,14.457972526550293,1472.7921142578125,left start,,2023-11-28T17:37:19.041766,1,1291135,21:31.1,0,132.63409423828125,0.10773725062608719,0,6,3756,-3.261955023,948.1804199,14.510540962219238,1530.3414306640625,end Curve giritukaerukamo,,2023-11-28T17:37:19.208973,1,1291281,0.5490509271621704,132.56988525390625,0.1269499957561493,0.0,6,3754.75146484375,-2.56499981880188,949.2330932617188,14.493833541870117,1535.61328125,,1.045338,1.564,0.187935,2
2023-11-28T17:37:26.938050,1,1299009,0.5499810576438904,144.43080139160156,0.0,0.0,6,4079.521728515625,-0.35999998450279236,1025.519287109375,11.059966087341309,1828.9537353515625,,2023-11-28T17:37:28.935766,1,1301029,21:41.0,0,141.71380615234375,0.23179219663143158,0,6,4022,-0.279415607,1046.1260986328125,10.107726097106934,1906.2703857421875,right start,,2023-11-28T17:37:30.371766,1,1302465,21:42.5,0,144.23721313476562,0.29019609093666077,0,6,4100,-2.33984375,1059.4437255859375,9.877736092,1961.6861572265625,end,,2023-11-28T17:37:30.737782,1,1302810,0.5504438877105713,145.16346740722656,0.3095000088214874,0.0,6,4129.22998046875,-1.4849998950958252,1062.9150390625,9.92033863067627,1975.1043701171875,,1.997715,1.436,0.383608,2
2023-11-28T17:37:34.335187,1,1306407,0.5509036779403687,154.1253662109375,0.33329999446868896,0.0,6,4382.51220703125,-1.0799999237060547,1102.0794677734375,12.893712997436523,2119.6806640625,,2023-11-28T17:37:35.607766,1,1307701,21:47.7,0,156.45986938476562,0.3333333432674408,0,6,4452,0.5357412695884705,1118.134033203125,14.658329010009766,2173.165039,left start,,2023-11-28T17:37:38.168766,1,1310262,21:50.3,0,161.39700317382812,0.3333333432674408,0,6,4600.916016,0.764648438,1150.189208984375,18.228702545166016,2281.583251953125,end,,2023-11-28T17:37:37.413132,1,1309485,0.5513158440589905,159.981201171875,0.3372499942779541,0.0,6,4561.34228515625,-0.5399999618530273,1140.295654296875,17.135639190673828,2248.343505859375,,1.256136,2.561,-0.737146,2
2023-11-28T17:37:42.008528,1,1314078,0.5519548654556274,163.95306396484375,0.1904500126838684,0.0,6,4642.72509765625,-0.3149999678134918,1197.2637939453125,22.925338745117188,2448.5869140625,,2023-11-28T17:37:43.709766,1,1315803,21:55.8,0,161.81898498535156,0.12158479541540146,0,6,4576,-0.539550781,1218.855469,22.085954666137695,2523.689208984375,left start,,2023-11-28T17:37:46.336766,1,1318430,21:58.4,0,164.17752075195312,0.23529411852359772,0,6,4652,-0.053025659,1252.3531494140625,18.174209594726562,2637.447266,end,,2023-11-28T17:37:45.440185,1,1317510,0.5524305701255798,162.83908081054688,0.2261500060558319,0.0,6,4613.39306640625,0.8549998998641968,1240.68212890625,19.563648223876953,2597.3173828125,,1.682798,2.627,-0.881253,2
2023-11-28T17:37:51.315243,1,1323387,0.5532529950141907,138.60382080078125,0.0,0.46424999833106995,6,3834.368896484375,0.08999999612569809,1313.7454833984375,10.63219165802002,2854.923828125,,2023-11-28T17:37:53.798766,1,1325892,22:05.9,0,123.57549285888672,0.6236894130706787,0,1,4495.251465,-1.497157454,1337.573974609375,7.761118412017822,2939.346191,right start,,2023-11-28T17:37:54.641766,1,1326735,22:06.7,0,122.87391662597656,0.14509804546833038,0,5,4328.036133,-6.9296875,1346.0985107421875,7.031001091003418,2966.885742,end Curve,,2023-11-28T17:37:54.182501,1,1326252,0.5535609126091003,123.27198028564453,0.05555000901222229,0.0,5,4348.80322265625,-5.759999752044678,1341.07568359375,7.429281711578369,2951.161865234375,,2.482469,0.843,-0.442095,2
2023-11-28T17:38:05.530545,1,1337601,0.554909884929657,151.20228576660156,0.0,0.0,5,5319.13427734375,-0.22499999403953552,1626.570068359375,2.9161503314971924,3268.197998046875,,2023-11-28T17:38:07.267766,1,1339361,22:19.4,0,147.79104614257812,0,0,5,5201.649902,1.754882813,1688.753418,0.12918663024902344,3306.535156,right start,,2023-11-28T17:38:08.107766,1,1340201,22:20.2,0,146.3864288330078,0.080658004,0,5,5160,-4.324484825,1717.5926513671875,-1.207339883,3325.063720703125,end SlightCurve,,2023-11-28T17:38:08.617978,1,1340688,0.5553027391433716,146.06251525878906,0.09525001049041748,0.0,5,5147.56298828125,-2.2049999237060547,1734.5753173828125,-1.985954761505127,3335.140380859375,,1.722589,0.84,0.529691,2
2023-11-28T17:38:10.256695,1,1342326,0.5555079579353333,145.77069091796875,0.1269499957561493,0.0,5,5143.2705078125,0.26999998092651367,1792.2867431640625,-4.58394718170166,3367.81591796875,,2023-11-28T17:38:12.307766,1,1344401,22:24.4,0,146.52503967285156,0.1513402909040451,0,5,5176,-0.378201604,1866.044189453125,-7.894276142,3408.591064453125,left start,,2023-11-28T17:38:13.528766,1,1345622,22:25.6,0,147.1988525390625,0.16862745583057404,0,5,5204,0.8200250267982483,1910.2945556640625,-9.763030052,3431.373047,end,,2023-11-28T17:38:13.649223,1,1345719,0.5559345483779907,147.32843017578125,0.17059999704360962,0.0,5,5206.70166015625,-0.35999998450279236,1913.781494140625,-9.886731147766113,3433.254150390625,,2.040127,1.221,0.146383,2
2023-11-28T17:38:15.514636,1,1347585,0.5561716556549072,148.6811065673828,0.2301500141620636,0.0,5,5262.4384765625,1.934999704360962,1981.0367431640625,-10.92229175567627,3470.040771484375,,2023-11-28T17:38:16.688766,1,1348782,22:28.8,0,148.6281280517578,0.17115545272827148,0,5,5252,-0.0260249,2023.6065673828125,-10.27733803,3495.42627,right start,,2023-11-28T17:38:17.844766,1,1349938,22:29.9,0,148.6832275390625,0.27450981736183167,0,5,5272,-3.373046875,2064.142822265625,-8.785385132,3520.458251953125,end,,2023-11-28T17:38:18.779893,1,1350852,0.5565893650054932,150.63494873046875,0.31744998693466187,0.0,5,5349.83251953125,1.4399999380111694,2097.01416015625,-7.712937831878662,3539.401611328125,,1.142068,1.156,0.937837,2
2023-11-28T17:38:20.678277,1,1352748,0.5568390488624573,154.92208862304688,0.1904500126838684,0.0,5,5473.28466796875,-2.3399999141693115,2166.98779296875,-6.552765369415283,3579.6513671875,,2023-11-28T17:38:21.767766,1,1353861,22:33.9,0,155.06573486328125,0.27450981736183167,0,5,5496,-1.439453125,2209.222656,-6.597860336,3602.113037109375,left start,,2023-11-28T17:38:22.651766,1,1354745,22:34.7,0,156.72508239746094,0.19607843458652496,0,5,5540,3.5384843349456787,2243.525146484375,-6.839371681,3619.240966796875,end,,2023-11-28T17:38:22.644335,1,1354716,0.5571012496948242,156.80572509765625,0.20235002040863037,0.0,5,5543.27294921875,3.194999933242798,2242.381591796875,-6.830420970916748,3618.6650390625,,1.060661,0.884,0.013725,2
2023-11-28T17:38:24.833436,1,1356903,0.5573948621749878,156.0111541748047,0.23410001397132874,0.0,5,5520.0888671875,0.0,2325.392822265625,-7.420159816741943,3664.7705078125,,2023-11-28T17:38:25.887766,1,1357981,22:38.0,0,157.50546264648438,0.2580552101135254,0,5,5575.608398,0.23818930983543396,2365.946777,-7.713066578,3688.444824,right start,,2023-11-28T17:38:27.937766,1,1360031,22:40.0,0,161.51390075683594,0.2705882489681244,0,5,5720,-0.08996582,2444.123779296875,-7.903896332,3734.749512,end,,2023-11-28T17:38:27.976878,1,1360047,0.5578226447105408,161.6216583251953,0.2738000154495239,0.0,5,5724.25439453125,-0.08999999612569809,2444.708251953125,-7.904505252838135,3735.0927734375,,1.047385,2.05,0.056412,2
2023-11-28T17:38:28.776139,1,1360845,0.557933509349823,160.79901123046875,0.0,0.0,5,5655.0087890625,-2.2049999237060547,2475.64990234375,-7.9691972732543945,3753.109619140625,,2023-11-28T17:38:29.653766,1,1361747,22:41.7,0,157.5924072265625,0,0,5,5544.135742,-2.573589802,2510.71875,-8.078567505,3772.163330078125,left start,,2023-11-28T17:38:30.757766,1,1362851,22:42.9,0,154.9343262,0.1764705926179886,0,5,5472,1.349609375,2553.312255859375,-8.236748695,3794.007080078125,end,,2023-11-28T17:38:31.475434,1,1363545,0.5582976341247559,154.91537475585938,0.21825000643730164,0.0,5,5478.2119140625,0.35999998450279236,2579.5078125,-8.32894229888916,3808.285400390625,,0.861286,1.104,0.738281,2
