timestamp,lapCount,lapTime,distance,speed,throttle,brake,gear,RPM,steer,x,y,z,,timestamp,lapCount,lapTime ms,lapTime str,distance,speed,throttle,brake,gear,RPM,steer,x,y,z,description,,timestamp,lapCount,lapTime ms,lapTime str,distance,speed,throttle,brake,gear,RPM,steer,x,y,z,description,,,,,,,,,,,,,,,,,,,,,,,,,,,,,,,,,,,,,,,,,,,,,,,,,,,,,,,,,,,,,,,,,,,,,,,,,,,timestamp,lapCount,lapTime,distance,speed,throttle,brake,gear,RPM,steer,x,y,z,,lc_start-ts_start,lc_end-lc_start,ts_end-lc_end,tslog[next_index][5]
2023-11-16T13:19:57.856162,1,62295,0.5245688557624817,103.74219512939453,0.0,0.0,4,4672.75634765625,-0.8999999761581421,5117.0361328125,8.6665678024292,-4321.9013671875,,2023-11-16T13:19:59.946454,1,64384,01:04.4,0.524754524,99.83763885498047,0,0,4,4496,-5.932126999,5066.083496,7.173074722290039,-4292.074707,left start,,2023-11-16T13:20:00.784454,1,65222,01:05.2,0.5248269438743591,98.42768859863281,0,0,4,4432.110352,3.8753504753112793,5047.26709,6.564642429351807,-4278.73877,end Curve,,,,,,,,,,,,,,,,,,,,,,,2023-11-16T13:20:03.439062,1,67878,0.525068461894989,108.24273681640625,0.0,0.0,4,4875.23681640625,-1.4849998950958252,4982.2333984375,5.066800594329834,-4237.61181640625,,2.072388,0.838,2.672068,5
2023-11-16T13:20:03.439062,1,67878,0.525068461894989,108.24273681640625,0.0,0.0,4,4875.23681640625,-1.4849998950958252,4982.2333984375,5.066800594329834,-4237.61181640625,,2023-11-16T13:20:05.353454,1,69791,01:09.8,0.5252452492713928,103.1066665649414,0,0,4,4644,3.1538991928100586,4934.366699,4.807669162750244,-4208.209473,right start,,2023-11-16T13:20:06.142454,1,70580,01:10.6,0.5253151059150696,101.00006866455078,0,0,4,4548,-7.971871853,4914.663086,4.7938008308410645,-4197.626465,end,,,,,,,,,,,,,,,,,,,,,,,2023-11-16T13:20:10.371246,1,74808,0.5256913900375366,102.70028686523438,0.0,0.0,4,4626.66259765625,-0.809999942779541,4814.14892578125,4.6401686668396,-4131.57275390625,,1.896932,0.789,4.240294,5
2023-11-16T13:20:10.371246,1,74808,0.5256913900375366,102.70028686523438,0.0,0.0,4,4626.66259765625,-0.809999942779541,4814.14892578125,4.6401686668396,-4131.57275390625,,2023-11-16T13:20:12.029454,1,76467,01:16.5,0.5258374214172363,98.28033447265625,0,0,4,4428,-7.421875,4775.974121,4.682555675506592,-4105.355469,left start,,2023-11-16T13:20:12.879454,1,77317,01:17.3,0.5259090065956116,96.1142807,0,0,4,4332,12.162700653076172,4758.042969,4.666405678,-4091.045898,end,,,,,,,,,,,,,,,,,,,,,,,2023-11-16T13:20:24.087249,1,88524,0.5267696380615234,90.24354553222656,0.0,0.0,4,4067.58740234375,1.034999966621399,4528.38720703125,5.113586902618408,-3937.4931640625,,1.646706,0.85,11.223787,5
2023-11-16T13:20:24.087249,1,88524,0.5267696380615234,90.24354553222656,0.0,0.0,4,4067.58740234375,1.034999966621399,4528.38720703125,5.113586902618408,-3937.4931640625,,2023-11-16T13:20:26.451454,1,90889,01:30.9,0.5269488096237183,84.87018585205078,0,0,4,3827.750977,6.106002330780029,4479.806152,5.159523963928223,-3906.712402,right start,,2023-11-16T13:20:27.485454,1,91923,01:31.9,0.527023971,86.17087555,0.3960784375667572,0,4,3953.094238,-8.254426956,4458.569824,5.202544212341309,-3894.944824,end,,,,,,,,,,,,,,,,,,,,,,,2023-11-16T13:20:29.803842,1,94242,0.5272147059440613,97.7079086303711,0.0,0.0,4,4401.68603515625,1.5749999284744263,4407.27001953125,5.23052978515625,-3861.27294921875,,2.348213,1.034,2.347968,5
2023-11-16T13:20:29.803842,1,94242,0.5272147059440613,97.7079086303711,0.0,0.0,4,4401.68603515625,1.5749999284744263,4407.27001953125,5.23052978515625,-3861.27294921875,,2023-11-16T13:20:31.835454,1,96273,01:36.3,0.5273818969726562,93.39570617675781,0.22286586463451385,0,4,4232,-5.541819096,4362.826172,5.246729850769043,-3831.11499,left start,,2023-11-16T13:20:32.807454,1,97245,01:37.2,0.527461588,98.53968048095703,0.36470589,0,4,4506.54541,8.743609428405762,4342.489258,5.231439113616943,-3815.268799,end,,,,,,,,,,,,,,,,,,,,,,,2023-11-16T13:20:36.636047,1,101073,0.5277794599533081,93.72187805175781,0.08730000257492065,0.0,4,4231.84814453125,1.1249998807907104,4257.52978515625,5.262962341308594,-3758.1875,,2.002032,0.972,3.836772,5
2023-11-16T13:20:36.636047,1,101073,0.5277794599533081,93.72187805175781,0.08730000257492065,0.0,4,4231.84814453125,1.1249998807907104,4257.52978515625,5.262962341308594,-3758.1875,,2023-11-16T13:20:38.533454,1,102971,01:43.0,0.5279303789138794,89.88331604003906,0,0,4,4051.313965,6.20703125,4216.665039,5.295753002166748,-3732.017578,right start,,2023-11-16T13:20:39.574454,1,104012,01:44.0,0.5280097126960754,88.22751617,0.1411764770746231,0,4,3990,-7.569347382,4194.231934,5.338133811950684,-3719.508789,end,,,,,,,,,,,,,,,,,,,,,,,2023-11-16T13:20:45.519448,1,109956,0.528483510017395,97.98957824707031,0.29760000109672546,0.0,4,4464.4833984375,0.44999998807907104,4066.68701171875,5.49738883972168,-3635.202880859375,,1.889228,1.041,5.949282,5
2023-11-16T13:20:45.519448,1,109956,0.528483510017395,97.98957824707031,0.29760000109672546,0.0,4,4464.4833984375,0.44999998807907104,4066.68701171875,5.49738883972168,-3635.202880859375,,2023-11-16T13:20:47.441454,1,111879,01:51.9,0.5286442637443542,94.62213897705078,0,0,4,4262.946289,4.854543209075928,4022.724121,5.956738471984863,-3607.540527,right start,,2023-11-16T13:20:48.306454,1,112744,01:52.7,0.5287133455276489,92.75846862792969,0.094117649,0,4,4188.397949,-11.609375,4002.993896484375,6.289142608642578,-3596.796143,end,,,,,,,,,,,,,,,,,,,,,,,2023-11-16T13:20:52.036981,1,116475,0.5290255546569824,96.32837677001953,0.0,0.0,4,4342.173828125,0.22499999403953552,3918.38623046875,8.477285385131836,-3541.72216796875,,1.917718,0.865,3.75389,5
2023-11-16T13:20:52.036981,1,116475,0.5290255546569824,96.32837677001953,0.0,0.0,4,4342.173828125,0.22499999403953552,3918.38623046875,8.477285385131836,-3541.72216796875,,2023-11-16T13:20:54.178454,1,118616,01:58.6,0.5291994214057922,97.08390045166016,0.4000000059604645,0,4,4449.525391,-4.94154501,3872.268310546875,9.975789070129395,-3509.619141,left start,,2023-11-16T13:20:54.929454,1,119367,01:59.4,0.5292635560035706,103.0731430053711,0.3689662218093872,0,4,4713.827148,6.888646125793457,3856.018798828125,10.466025352478027,-3496.453369,end,,,,,,,,,,,,,,,,,,,,,,,2023-11-16T13:20:59.071490,1,123507,0.5296186804771423,101.451904296875,0.0,0.0,4,4569.6533203125,3.6450002193450928,3760.67822265625,12.545429229736328,-3431.94091796875,,2.11811,0.751,4.143084,5
2023-11-16T13:20:59.071490,1,123507,0.5296186804771423,101.451904296875,0.0,0.0,4,4569.6533203125,3.6450002193450928,3760.67822265625,12.545429229736328,-3431.94091796875,,2023-11-16T13:21:00.453454,1,124891,02:04.9,0.5297369360923767,97.32022857666016,0,0,4,4384,5.5945024490356445,3728.138184,12.971931457519531,-3411.912354,right start,,2023-11-16T13:21:01.349454,1,125787,02:05.8,0.5298105478286743,94.82096862792969,0.025351660326123238,0,4,4272,-9.578125,3707.175781,13.182211875915527,-3400.413818,end,,,,,,,,,,,,,,,,,,,,,,,2023-11-16T13:21:04.719173,1,129156,0.5300957560539246,101.1534652709961,0.0,0.0,4,4557.50830078125,0.7649999260902405,3630.006103515625,13.35103988647461,-3349.552490234375,,1.380916,0.896,3.371227,5
2023-11-16T13:21:04.719173,1,129156,0.5300957560539246,101.1534652709961,0.0,0.0,4,4557.50830078125,0.7649999260902405,3630.006103515625,13.35103988647461,-3349.552490234375,,2023-11-16T13:21:07.167454,1,131605,02:11.6,0.5303041338920593,101.46884155273438,0.43655169010162354,0,4,4654.56543,-0.269775391,3574.149902,12.931522369384766,-3311.805664,left start,,2023-11-16T13:21:08.307454,1,132745,02:12.7,0.5304096937179565,113.75199890136719,0.19338534772396088,0,4,5146.925293,3.5426182746887207,3546.725830078125,12.518877029418945,-3291.309814,end,,,,,,,,,,,,,,,,,,,,,,,2023-11-16T13:21:21.301843,1,145740,0.5320920348167419,147.96690368652344,0.0,0.0,5,5208.72314453125,0.3149999678134918,3093.5302734375,1.3124284744262695,-2989.41162109375,,2.446773,1.14,13.004978,5
2023-11-16T13:21:21.301843,1,145740,0.5320920348167419,147.96690368652344,0.0,0.0,5,5208.72314453125,0.3149999678134918,3093.5302734375,1.3124284744262695,-2989.41162109375,,2023-11-16T13:21:23.012454,1,147450,02:27.5,0.5323061943054199,143.66659545898438,0,0,5,5057.558105,1.9246433973312378,3035.227294921875,-0.112294666,-2952.030518,right start,,2023-11-16T13:21:23.828454,1,148266,02:28.3,0.5324059128761292,141.67282104492188,0,0,5,4988,-6.07421875,3007.257813,-0.752821863,-2935.748047,end,,,,,,,,,,,,,,,,,,,,,,,2023-11-16T13:21:31.418095,1,155856,0.533306360244751,134.07359313964844,0.0,0.0,5,4720.708984375,-0.17999999225139618,2763.38818359375,-1.8953851461410522,-2775.268310546875,,1.700022,0.816,7.620397,5
2023-11-16T13:21:31.418095,1,155856,0.533306360244751,134.07359313964844,0.0,0.0,5,4720.708984375,-0.17999999225139618,2763.38818359375,-1.8953851461410522,-2775.268310546875,,2023-11-16T13:21:33.348454,1,157786,02:37.8,0.5335240960121155,128.6110382080078,0,0,5,4532,-2.050423861,2705.526611328125,-1.821120024,-2735.147461,left start,,2023-11-16T13:21:34.042454,1,158480,02:38.5,0.533599854,126.80950927734375,0,0,5,4468,4.13671875,2686.155273,-1.817028999,-2719.958984,end Curve,,,,,,,,,,,,,,,,,,,,,,,2023-11-16T13:21:36.283928,1,160722,0.5338374376296997,120.95913696289062,0.0,0.0,5,4264.916015625,-0.08999999612569809,2623.659423828125,-1.6507288217544556,-2674.77685546875,,1.899603,0.694,2.243563,5
2023-11-16T13:21:36.283928,1,160722,0.5338374376296997,120.95913696289062,0.0,0.0,5,4264.916015625,-0.08999999612569809,2623.659423828125,-1.6507288217544556,-2674.77685546875,,2023-11-16T13:21:37.962454,1,162400,02:42.4,0.534008801,116.68817901611328,0,0,5,4116,3.013671875,2578.760009765625,-1.466045618,-2642.294434,right start,,2023-11-16T13:21:38.971454,1,163409,02:43.4,0.5341083407402039,114.24226379394531,0,0,5,4028.853516,-7.473379135,2552.26709,-1.352438807,-2623.708252,end Curve,,,,,,,,,,,,,,,,,,,,,,,2023-11-16T13:21:43.802366,1,168240,0.5345655679702759,107.47138214111328,0.027750015258789062,0.0,5,3793.741455078125,3.2849996089935303,2438.7431640625,-0.9977771639823914,-2528.1201171875,,1.676437,1.009,4.858831,5
2023-11-16T13:21:43.802366,1,168240,0.5345655679702759,107.47138214111328,0.027750015258789062,0.0,5,3793.741455078125,3.2849996089935303,2438.7431640625,-0.9977771639823914,-2528.1201171875,,2023-11-16T13:21:45.816454,1,170254,02:50.3,0.5347486734390259,105.68621826171875,0.20000000298023224,0,5,3744,-2.427412987,2394.396240234375,-0.963609993,-2488.70459,left start,,2023-11-16T13:21:46.797454,1,171235,02:51.2,0.5348374843597412,106.54033660888672,0.1882352977991104,0,5,3774,5.3646464347839355,2373.799805,-0.966089249,-2468.400879,end,,,,,,,,,,,,,,,,,,,,,,,2023-11-16T13:21:59.847839,1,184284,0.5361958146095276,121.38063049316406,0.0,0.0,5,4279.7900390625,-0.5849999785423279,2038.2049560546875,-12.274243354797363,-2182.998046875,,1.986169,0.981,13.055615,5
2023-11-16T13:21:43.802366,1,168240,0.5345655679702759,107.47138214111328,0.027750015258789062,0.0,5,3793.741455078125,3.2849996089935303,2438.7431640625,-0.9977771639823914,-2528.1201171875,,2023-11-16T13:21:57.695454,1,182133,03:02.1,0.5359708666801453,123.97575378417969,0,0,5,4368,1.854255199432373,2095.364501953125,-9.307649612,-2228.627197,right start,,2023-11-16T13:21:58.363454,1,182801,03:02.8,0.5360413193702698,123.03704071044922,0,0,5,4333.405273,-2.988180637,2076.898438,-10.23340607,-2215.111572,end,,,,,,,,,,,,,,,,,,,,,,,2023-11-16T13:21:59.847839,1,184284,0.5361958146095276,121.38063049316406,0.0,0.0,5,4279.7900390625,-0.5849999785423279,2038.2049560546875,-12.274243354797363,-2182.998046875,,13.865169,0.668,1.489615,5
2023-11-16T13:21:59.847839,1,184284,0.5361958146095276,121.38063049316406,0.0,0.0,5,4279.7900390625,-0.5849999785423279,2038.2049560546875,-12.274243354797363,-2182.998046875,,2023-11-16T13:22:01.728454,1,186166,03:06.2,0.5363896489143372,119.28064727783203,0,0,5,4204,-1.034179688,1991.365723,-14.82867146,-2141.080322,left start,,2023-11-16T13:22:02.699454,1,187137,03:07.1,0.5364882349967957,118.28053283691406,0,0,5,4168,6.394656181335449,1968.3990478515625,-16.12458038,-2118.737305,end,,,,,,,,,,,,,,,,,,,,,,,2023-11-16T13:22:09.010101,1,193446,0.5371766686439514,132.62156677246094,0.0,0.0,5,4672.3798828125,-0.5399999618530273,1799.235595703125,-19.81059455871582,-1971.9150390625,,1.875385,0.971,6.315376,5
2023-11-16T13:22:09.010101,1,193446,0.5371766686439514,132.62156677246094,0.0,0.0,5,4672.3798828125,-0.5399999618530273,1799.235595703125,-19.81059455871582,-1971.9150390625,,2023-11-16T13:22:10.797454,1,195235,03:15.2,0.5373757481575012,127.76739501953125,0,0,5,4504,4.529628753662109,1749.665527,-19.91231728,-1930.315796,right start,,2023-11-16T13:22:11.578454,1,196016,03:16.0,0.5374599099159241,125.6750488,0,0,5,4428,-8.90625,1727.6099853515625,-19.87192726,-1913.878174,end,,,,,,,,,,,,,,,,,,,,,,,2023-11-16T13:22:14.008905,1,198447,0.5377132296562195,119.24835205078125,0.0,0.0,5,4203.962890625,1.4849998950958252,1664.393798828125,-19.63367462158203,-1860.7076416015625,,1.782624,0.781,2.457938,5
2023-11-16T13:22:14.008905,1,198447,0.5377132296562195,119.24835205078125,0.0,0.0,5,4203.962890625,1.4849998950958252,1664.393798828125,-19.63367462158203,-1860.7076416015625,,2023-11-16T13:22:15.972454,1,200410,03:20.4,0.5379052758216858,110.6653060913086,0,0,5,3905.374267578125,0.48650720715522766,1617.983154296875,-19.41622543,-1818.825439,left start,,2023-11-16T13:22:16.541454,1,200979,03:21.0,0.5379583239555359,109.23432922363281,0,0,5,3855.518798828125,11.109375,1606.1114501953125,-19.29405975,-1806.131836,end jiko,,,,,,,,,,,,,,,,,,,,,,,2023-11-16T13:22:22.739501,1,207177,0.5384986400604248,94.48919677734375,0.0,0.0,4,4258.46142578125,0.5849999785423279,1473.1298828125,-16.775175094604492,-1690.6812744140625,,1.936062,0.569,6.223056,5
2023-11-16T13:22:22.739501,1,207177,0.5384986400604248,94.48919677734375,0.0,0.0,4,4258.46142578125,0.5849999785423279,1473.1298828125,-16.775175094604492,-1690.6812744140625,,2023-11-16T13:22:24.803454,1,209241,03:29.2,0.5386598110198975,88.62316895,0.20167571306228638,0,4,4014.12207,4.978595733642578,1432.8814697265625,-15.97699738,-1657.018555,right start,,2023-11-16T13:22:26.106454,1,210544,03:30.5,0.5387641191482544,102.21668243408203,0.6941176652908325,0,4,4735.101074,-4.519791126,1405.890137,-15.39937687,-1636.238403,end,,,,,,,,,,,,,,,,,,,,,,,2023-11-16T13:22:28.876042,1,213315,0.5390077233314514,100.17698669433594,0.17855000495910645,0.0,4,4534.06982421875,2.9699997901916504,1345.3822021484375,-13.502220153808594,-1584.917724609375,,2.038944,1.303,2.7935,5
2023-11-16T13:22:28.876042,1,213315,0.5390077233314514,100.17698669433594,0.17855000495910645,0.0,4,4534.06982421875,2.9699997901916504,1345.3822021484375,-13.502220153808594,-1584.917724609375,,2023-11-16T13:22:30.345454,1,214783,03:34.8,0.5391346216201782,104.55531311035156,0.4000000059604645,0,4,4788,-7.46875,1314.6834716796875,-12.39705276,-1557.361328,left start,,2023-11-16T13:22:31.196454,1,215634,03:35.6,0.5392126441001892,110.97794342041016,0.3803921639919281,0,4,5076,12.3671875,1296.7403564453125,-11.71743584,-1539.25,end,,,,,,,,,,,,,,,,,,,,,,,2023-11-16T13:22:35.932135,1,220371,0.5396973490715027,117.16802978515625,0.0,0.0,4,5273.72412109375,-0.6299999356269836,1177.484619140625,-7.513887405395508,-1435.6312255859375,,1.4455,0.851,4.764417,5
2023-11-16T13:22:35.932135,1,220371,0.5396973490715027,117.16802978515625,0.0,0.0,4,5273.72412109375,-0.6299999356269836,1177.484619140625,-7.513887405395508,-1435.6312255859375,,2023-11-16T13:22:37.771454,1,222209,03:42.2,0.5398756265640259,109.88633728027344,0,0,4,4944,3.6427719593048096,1133.1585693359375,-5.941104412,-1398.316406,right start,,2023-11-16T13:22:38.644454,1,223082,03:43.1,0.5399557948112488,106.4212875366211,0,0,4,4792.917969,-10.75,1112.5560302734375,-5.129957676,-1382.113647,end Curve,,,,,,,,,,,,,,,,,,,,,,,2023-11-16T13:22:49.315584,1,233754,0.5409649610519409,109.827392578125,0.0,0.0,4,4945.71875,-4.904999732971191,950.3492431640625,-1.1827802658081055,-1099.2947998046875,,1.810583,0.873,10.701193,5
2023-11-16T13:22:49.315584,1,233754,0.5409649610519409,109.827392578125,0.0,0.0,4,4945.71875,-4.904999732971191,950.3492431640625,-1.1827802658081055,-1099.2947998046875,,2023-11-16T13:22:51.227454,1,235665,03:55.7,0.5411384701728821,104.18317413330078,0,0,4,4689.339355,-9.4921875,941.5186157226562,-1.064668179,-1043.21106,left start,,2023-11-16T13:22:52.331454,1,236769,03:56.8,0.5412344932556152,101.13764190673828,0,0,4,4555.125977,4.58984375,940.6070556640625,-1.067880511,-1011.779602,end Curve,,,,,,,,,,,,,,,,,,,,,,,2023-11-16T13:22:54.532024,1,238971,0.5414184927940369,95.52867126464844,0.0,0.0,4,4304.76171875,-3.0149996280670166,939.5115966796875,-0.9298380613327026,-951.6673583984375,,1.881807,1.104,2.231984,5
2023-11-16T13:22:54.532024,1,238971,0.5414184927940369,95.52867126464844,0.0,0.0,4,4304.76171875,-3.0149996280670166,939.5115966796875,-0.9298380613327026,-951.6673583984375,,2023-11-16T13:22:56.707454,1,241145,04:01.1,0.5415924787521362,97.87641906738281,0.6155384182929993,0,4,4527.698242,1.4547330141067505,938.6016845703125,-0.773171902,-895.0202637,right start,,2023-11-16T13:22:57.658454,1,242096,04:02.1,0.5416772365570068,111.43254852294922,0.6584163904190063,0,4,5142.943359,-1.889648438,936.6639404296875,-0.758528292,-867.3942261,end,,,,,,,,,,,,,,,,,,,,,,,2023-11-16T13:22:58.698851,1,243135,0.5417767763137817,111.68704223632812,0.0,0.0,4,5029.0341796875,-2.114999771118164,935.7498779296875,-0.8307603001594543,-834.8500366210938,,2.144016,0.951,1.070267,5
2023-11-16T13:22:58.698851,1,243135,0.5417767763137817,111.68704223632812,0.0,0.0,4,5029.0341796875,-2.114999771118164,935.7498779296875,-0.8307603001594543,-834.8500366210938,,2023-11-16T13:23:00.225454,1,244663,04:04.7,0.5419195890426636,107.29571533203125,0,0,4,4825.940918,-6.745341301,936.7637939453125,-0.981182396,-788.3840942,left start,,2023-11-16T13:23:00.935454,1,245373,04:05.4,0.5419838428497314,106.8193130493164,0.4258323013782501,0,4,4886.349121,10.799445152282715,938.6029663085938,-1.047645569,-767.4433594,end,,,,,,,,,,,,,,,,,,,,,,,2023-11-16T13:23:06.814455,1,251253,0.5426182150840759,127.51982116699219,0.0,0.0,4,5733.9970703125,2.1599998474121094,938.6650390625,0.2703201174736023,-560.5150146484375,,1.496733,0.71,5.89898,5
2023-11-16T13:23:06.814455,1,251253,0.5426182150840759,127.51982116699219,0.0,0.0,4,5733.9970703125,2.1599998474121094,938.6650390625,0.2703201174736023,-560.5150146484375,,2023-11-16T13:23:08.203454,1,252641,04:12.6,0.542765737,121.38284301757812,0,0,4,5458.441406,5.859524726867676,937.7341309,1.670837402,-512.5341187,right start,,2023-11-16T13:23:09.041454,1,253479,04:13.5,0.5428508520126343,117.69605255126953,0,0,4,5296,-9.625,935.7510986328125,2.5668134689331055,-484.8207092,end,,,,,,,,,,,,,,,,,,,,,,,2023-11-16T13:23:12.213240,1,256650,0.5431557297706604,109.31034851074219,0.0,0.0,4,4921.7861328125,-4.00499963760376,936.04736328125,5.2523345947265625,-385.22540283203125,,1.36902,0.838,3.174431,5
2023-11-16T13:23:12.213240,1,256650,0.5431557297706604,109.31034851074219,0.0,0.0,4,4921.7861328125,-4.00499963760376,936.04736328125,5.2523345947265625,-385.22540283203125,,2023-11-16T13:23:14.061454,1,258499,04:18.5,0.5433229804039001,103.0892562866211,0,0,4,4640.363281,-4.208084106,940.0177612304688,6.1432390213012695,-330.8542786,left start,,2023-11-16T13:23:15.160454,1,259598,04:19.6,0.5434184670448303,99.89818572998047,0.20344583690166473,0,4,4516.703125,2.4296875,943.2661133,6.4779815673828125,-300.065033,end,,,,,,,,,,,,,,,,,,,,,,,2023-11-16T13:25:31.059244,1,395496,0.5221956372261047,70.82840728759766,0.0,0.0,3,4608.31298828125,2.924999713897705,5811.13427734375,20.991615295410156,-4608.830078125,,1.845569,1.099,135.916903,3
,,,,,,,,,,,,,,,,,,,,,,,,,,,,,,,,,,,,,,,,,,,,,,,,,
,,,,,,,,,,,,,,,,,,,,,,,,,,,,,,,,,,,,,,,,,,,,,,,,,
,,,,,,,,,,,,,,,,,,,,,,,,,,,,,,,,,,,,,,,,,,,,,,,,,
2023-11-16T13:25:56.958516,1,421395,0.5245966911315918,87.73352813720703,0.0,0.0,4,3956.781494140625,0.13499999046325684,5111.27001953125,8.383382797241211,-4314.0087890625,,2023-11-16T13:25:58.924454,1,423362,07:03.4,0.5247431397438049,80.31822204589844,0,0.072984457,4,3612.407470703125,-1.004978895,5070.054688,7.2376275062561035,-4292.436523,left start,,2023-11-16T13:26:00.336454,1,424774,07:04.8,0.5248409509658813,78.84031677246094,0.035658453,0,4,3558.185791015625,1.4311062097549438,5042.339844,6.486812114715576,-4278.291016,end,,,,,,,,,,,,,,,,,,,,,,,2023-11-16T13:26:04.144249,1,428583,0.5251080989837646,80.02889251708984,0.0,0.0,4,3611.44384765625,-0.4949999749660492,4969.5634765625,5.007868766784668,-4234.08349609375,,1.933856,1.412,3.83417,3
2023-11-16T13:26:04.144249,1,428583,0.5251080989837646,80.02889251708984,0.0,0.0,4,3611.44384765625,-0.4949999749660492,4969.5634765625,5.007868766784668,-4234.08349609375,,2023-11-16T13:26:05.902454,1,430340,07:10.3,0.5252314805984497,84.23518371582031,0.3607843220233917,0,4,3859.707763671875,-5.133282185,4937.115234,4.845790863037109,-4212.017578,left start,,2023-11-16T13:26:06.963454,1,431401,07:11.4,0.525313675,94.14083862304688,0.4274509847164154,0,4,4324.646973,5.44140625,4916.236816,4.767492771148682,-4196.035156,end,,,,,,,,,,,,,,,,,,,,,,,2023-11-16T13:26:09.275695,1,433713,0.5255188941955566,106.29003143310547,0.1904500126838684,0.0,4,4814.34912109375,2.114999771118164,4862.04248046875,4.621032238006592,-4159.0126953125,,1.73183,1.061,2.33073,3
2023-11-16T13:26:09.275695,1,433713,0.5255188941955566,106.29003143310547,0.1904500126838684,0.0,4,4814.34912109375,2.114999771118164,4862.04248046875,4.621032238006592,-4159.0126953125,,2023-11-16T13:26:11.318454,1,435756,07:15.8,0.5257062911987305,102.69770812988281,0,0,4,4628,5.3081183433532715,4811.602051,4.610260009765625,-4126.95459,right start,,2023-11-16T13:26:12.394454,1,436832,07:16.8,0.5258014798164368,100.08568572998047,0.17079778015613556,0,4,4524,-6.97265625,4785.34668,4.678160667419434,-4111.848145,end,,,,,,,,,,,,,,,,,,,,,,,2023-11-16T13:26:14.425201,1,438861,0.5259808897972107,101.08514404296875,0.0,0.0,4,4553.87158203125,1.6649999618530273,4737.39208984375,4.7205729484558105,-4080.39306640625,,2.02427,1.076,2.036095,3
2023-11-16T13:26:09.275695,1,433713,0.5255188941955566,106.29003143310547,0.1904500126838684,0.0,4,4814.34912109375,2.114999771118164,4862.04248046875,4.621032238006592,-4159.0126953125,,2023-11-16T13:26:11.305454,1,435743,07:15.7,0.5257051587104797,102.75495147705078,0,0,4,4628,5.4220967292785645,4811.918945,4.609373092651367,-4127.141602,right start,,2023-11-16T13:26:12.404454,1,436842,07:16.8,0.5258024334907532,100.08088684082031,0.17437484860420227,0,4,4524,-6.97265625,4785.100586,4.678711414337158,-4111.700195,end,,,,,,,,,,,,,,,,,,,,,,,2023-11-16T13:26:14.425201,1,438861,0.5259808897972107,101.08514404296875,0.0,0.0,4,4553.87158203125,1.6649999618530273,4737.39208984375,4.7205729484558105,-4080.39306640625,,2.01127,1.099,2.026095,3
2023-11-16T13:26:14.425201,1,438861,0.5259808897972107,101.08514404296875,0.0,0.0,4,4553.87158203125,1.6649999618530273,4737.39208984375,4.7205729484558105,-4080.39306640625,,2023-11-16T13:26:15.970454,1,440408,07:20.4,0.5261138081550598,96.79972076416016,0,0,4,4364,2.0702977180480957,4701.225098,4.8468146324157715,-4058.029053,right start,,2023-11-16T13:26:16.852454,1,441290,07:21.3,0.5261865854263306,94.47774505615234,0.022178921848535538,0,4,4256,-6.407345295,4680.745117,5.0152812004089355,-4046.64502,end,,,,,,,,,,,,,,,,,,,,,,,2023-11-16T13:26:18.592987,1,443031,0.5263268351554871,92.80501556396484,0.11904999613761902,0.0,4,4192.6572265625,-2.8349997997283936,4642.74462890625,5.150889873504639,-4022.233642578125,,1.539905,0.882,1.77189,3
2023-11-16T13:26:18.592987,1,443031,0.5263268351554871,92.80501556396484,0.11904999613761902,0.0,4,4192.6572265625,-2.8349997997283936,4642.74462890625,5.150889873504639,-4022.233642578125,,2023-11-16T13:26:19.673454,1,444111,07:24.1,0.5264137387275696,92.35139465332031,0.11764705926179886,0,4,4172,-5.0390625,4620.092773,5.1670379638671875,-4006.130859,left start,,2023-11-16T13:26:20.588454,1,445026,07:25.0,0.52648741,95.69693756103516,0.3806683421134949,0,4,4380.281738,-5.924845219,4601.601074,5.144629955291748,-3991.330078,end 2shasen,,,,,,,,,,,,,,,,,,,,,,,2023-11-16T13:26:32.475176,1,456912,0.5274996161460876,93.71805572509766,0.0,0.0,4,4224.61083984375,1.9799998998641968,4332.7607421875,5.218809604644775,-3807.674072265625,,1.04911,0.915,11.916311,3
2023-11-16T13:26:32.475176,1,456912,0.5274996161460876,93.71805572509766,0.0,0.0,4,4224.61083984375,1.9799998998641968,4332.7607421875,5.218809604644775,-3807.674072265625,,2023-11-16T13:26:34.045454,1,458483,07:38.5,0.5276244282722473,89.86571502685547,0,0,4,4052,5.505789279937744,4298.693359,5.254774094,-3786.575439,right start,,2023-11-16T13:26:34.870454,1,459308,07:39.3,0.5276874303817749,87.96794128417969,0.062745102,0,4,3971.733398,-9.0390625,4280.741211,5.291720390319824,-3776.980225,end,,,,,,,,,,,,,,,,,,,,,,,2023-11-16T13:26:42.357975,1,466794,0.5283693075180054,108.10348510742188,0.0,0.0,4,4866.9326171875,-0.08999999612569809,4096.93115234375,5.406246185302734,-3656.408447265625,,1.540689,0.825,7.51345,3
2023-11-16T13:26:42.357975,1,466794,0.5283693075180054,108.10348510742188,0.0,0.0,4,4866.9326171875,-0.08999999612569809,4096.93115234375,5.406246185302734,-3656.408447265625,,2023-11-16T13:26:44.549454,1,468987,07:49.0,0.5285672545433044,101.89815521240234,0.14630909264087677,0,4,4600,-1.344552994,4044.595458984375,5.670818328857422,-3619.750244,left start,,2023-11-16T13:26:45.379454,1,469817,07:49.8,0.5286402702331543,105.16651916503906,0.38823530077934265,0,4,4814.970215,9.230816841125488,4025.923095703125,5.889852523803711,-3605.140137,end,,,,,,,,,,,,,,,,,,,,,,,2023-11-16T13:26:53.406669,1,477846,0.5296081900596619,135.2178497314453,0.0,0.14285001158714294,5,4737.80078125,-0.08999999612569809,3765.267578125,12.454254150390625,-3431.154052734375,,2.16555,0.83,8.042462,3
2023-11-16T13:26:53.406669,1,477846,0.5296081900596619,135.2178497314453,0.0,0.14285001158714294,5,4737.80078125,-0.08999999612569809,3765.267578125,12.454254150390625,-3431.154052734375,,2023-11-16T13:26:55.336454,1,479774,07:59.8,0.529818058,121.94181060791016,0,0,5,4297.626953,4.246342658996582,3708.157470703125,13.115511894226074,-3394.509033,right start,,2023-11-16T13:26:56.125454,1,480563,08:00.6,0.5298996567726135,119.77909851074219,0,0,5,4220,-6.83059454,3685.114013671875,13.271635055541992,-3381.477783,end,,,,,,,,,,,,,,,,,,,,,,,2023-11-16T13:26:57.803669,1,482241,0.5300700068473816,118.32344055175781,0.14680001139640808,0.0,5,4183.86767578125,0.17999999225139618,3638.577392578125,13.327995300292969,-3351.692138671875,,1.914538,0.789,1.707526,3
2023-11-16T13:26:57.803669,1,482241,0.5300700068473816,118.32344055175781,0.14680001139640808,0.0,5,4183.86767578125,0.17999999225139618,3638.577392578125,13.327995300292969,-3351.692138671875,,2023-11-16T13:26:59.521454,1,483959,08:04.0,0.5302442312240601,118.11396789550781,0.22576241195201874,0,5,4184,-3.23828125,3592.301513671875,13.040194511413574,-3319.581787,left start,,2023-11-16T13:27:00.337454,1,484775,08:04.8,0.5303277969360352,122.39885711669922,0.5167529582977295,0,5,4394.175781,5.652266025543213,3570.797119140625,12.773664474487305,-3302.990967,end,,,,,,,,,,,,,,,,,,,,,,,2023-11-16T13:27:06.389691,1,490827,0.5309168696403503,74.86758422851562,0.0,0.0,3,4867.533203125,1.3049999475479126,3412.484130859375,9.330734252929688,-3196.789306640625,,1.688474,0.816,6.084558,3
2023-11-16T13:27:06.389691,1,490827,0.5309168696403503,74.86758422851562,0.0,0.0,3,4867.533203125,1.3049999475479126,3412.484130859375,9.330734252929688,-3196.789306640625,,2023-11-16T13:27:08.026454,1,492464,08:12.5,0.5310194492340088,70.82859802246094,0.040623173117637634,0,3,4610.564453,11.0625,3384.224853515625,8.654577255249023,-3179.532959,right start,,2023-11-16T13:27:08.868454,1,493306,08:13.3,0.5310708284378052,73.53103637695312,0.29411765933036804,0,3,4860.04834,-12.86935711,3369.302246,8.340045928955078,-3172.018555,end,,,,,,,,,,,,,,,,,,,,,,,2023-11-16T13:27:12.440697,1,496878,0.5313246250152588,82.69984436035156,0.0,0.0,3,5370.421875,0.7649999260902405,3300.32568359375,6.625205039978027,-3127.35400390625,,1.604442,0.842,3.594446,3
2023-11-16T13:27:12.440697,1,496878,0.5313246250152588,82.69984436035156,0.0,0.0,3,5370.421875,0.7649999260902405,3300.32568359375,6.625205039978027,-3127.35400390625,,2023-11-16T13:27:14.595454,1,499033,08:19.0,0.531472385,79.08068848,0.17893247306346893,0,3,5173.255371,7.023818016052246,3261.258056640625,5.601131439208984,-3099.744385,left start,,2023-11-16T13:27:15.595454,1,500033,08:20.0,0.5315442681312561,89.91651153564453,0.37254902720451355,0,3,5963.523926,7.193874835968018,3242.941650390625,5.091007709503174,-3085.375244,end,,,,,,,,,,,,,,,,,,,,,,,2023-11-16T13:27:20.473606,1,504912,0.5319640636444092,98.99781036376953,0.0,0.0,4,4460.04541015625,-2.249999761581421,3129.8896484375,2.165480375289917,-3009.59716796875,,2.132554,1.0,4.894694,3
2023-11-16T13:27:20.473606,1,504912,0.5319640636444092,98.99781036376953,0.0,0.0,4,4460.04541015625,-2.249999761581421,3129.8896484375,2.165480375289917,-3009.59716796875,,2023-11-16T13:27:23.495454,1,507933,08:27.9,0.5322138071060181,93.47618103027344,0,0,4,4212,7.805860996246338,3062.126708984375,0.4575479328632355,-2965.706299,right start,,2023-11-16T13:27:24.253454,1,508691,08:28.7,0.5322738289833069,92.05088043,0.032137487,0,4,4152,-10.09396362,3044.870605,0.083568282,-2956.508057,end,,,,,,,,,,,,,,,,,,,,,,,2023-11-16T13:27:28.988515,1,513426,0.5327081680297852,118.47500610351562,0.0,0.0,4,5331.86865234375,1.619999885559082,2927.087158203125,-2.215038299560547,-2879.31640625,,3.005306,0.758,4.751615,3
2023-11-16T13:27:28.988515,1,513426,0.5327081680297852,118.47500610351562,0.0,0.0,4,5331.86865234375,1.619999885559082,2927.087158203125,-2.215038299560547,-2879.31640625,,2023-11-16T13:27:30.391454,1,514829,08:34.8,0.5328482389450073,113.91786193847656,0,0,4,5126.411621,6.423819541931152,2888.942626953125,-2.14318037,-2854.854004,right start,,2023-11-16T13:27:31.220454,1,515658,08:35.7,0.53292793,111.33905792236328,0,0,4,5008,-7.856809139,2866.318603515625,-2.079012394,-2842.209717,end,,,,,,,,,,,,,,,,,,,,,,,2023-11-16T13:27:34.222919,1,518661,0.5332026481628418,102.6636734008789,0.0,0.0,4,4625.658203125,-1.0799999237060547,2791.8974609375,-1.9533370733261108,-2793.174072265625,,1.386385,0.829,3.015252,3
2023-11-16T13:27:34.222919,1,518661,0.5332026481628418,102.6636734008789,0.0,0.0,4,4625.658203125,-1.0799999237060547,2791.8974609375,-1.9533370733261108,-2793.174072265625,,2023-11-16T13:27:35.482454,1,519920,08:39.9,0.5333119034767151,99.28802490234375,0.026495775,0,4,4476,-7.55859375,2762.771484,-1.914275408,-2773.201172,left start,,2023-11-16T13:27:36.489454,1,520927,08:40.9,0.5333971381187439,99.42051696777344,0.20392157137393951,0,4,4508,11.916808128356934,2740.899169921875,-1.904489875,-2756.224854,end,,,,,,,,,,,,,,,,,,,,,,,2023-11-16T13:27:39.970761,1,524409,0.5337163209915161,111.71678161621094,0.0,0.0,4,5028.62548828125,-1.3949998617172241,2655.232666015625,-1.7490582466125488,-2698.09423828125,,1.246748,1.007,3.492505,3
2023-11-16T13:27:39.970761,1,524409,0.5337163209915161,111.71678161621094,0.0,0.0,4,5028.62548828125,-1.3949998617172241,2655.232666015625,-1.7490582466125488,-2698.09423828125,,2023-11-16T13:27:41.285454,1,525723,08:45.7,0.5338401794433594,107.75648498535156,0,0,4,4849.463867,5.5211615562438965,2622.187012,-1.63361001,-2675.445313,right start,,2023-11-16T13:27:42.270454,1,526708,08:46.7,0.5339296460151672,104.78351593017578,0,0,4,4720,-10.13688564,2597.833984,-1.530972004,-2659.576904,end Curve,,,,,,,,,,,,,,,,,,,,,,,2023-11-16T13:27:45.838235,1,530277,0.5342628359794617,112.62594604492188,0.0,0.0,4,5068.05322265625,-3.5999999046325684,2513.02587890625,-1.2012110948562622,-2592.377685546875,,1.303495,0.985,3.58075,3
2023-11-16T13:27:45.838235,1,530277,0.5342628359794617,112.62594604492188,0.0,0.0,4,5068.05322265625,-3.5999999046325684,2513.02587890625,-1.2012110948562622,-2592.377685546875,,2023-11-16T13:27:46.904454,1,531342,08:51.3,0.5343642234802246,109.30965423583984,0,0,4,4923.073242,-6.9296875,2488.884521484375,-1.115670681,-2570.113281,left start,,2023-11-16T13:27:47.828454,1,532266,08:52.3,0.5344495177268982,106.59210968017578,0,0,4,4796.576172,5.165684223175049,2469.209716796875,-1.058083177,-2550.586182,end,,,,,,,,,,,,,,,,,,,,,,,2023-11-16T13:27:53.455795,1,537894,0.5350167155265808,123.13111114501953,0.0,0.0,4,5538.7578125,-0.9449999332427979,2330.081787109375,-0.9665879607200623,-2429.951171875,,1.05325,0.924,5.656935,3
2023-11-16T13:27:58.087853,1,542526,0.5354251265525818,70.58963775634766,0.0,0.0,3,4587.7529296875,-0.08999999612569809,2230.100830078125,-2.1221184730529785,-2343.25341796875,,2023-11-16T13:28:00.229454,1,544667,09:04.7,0.535560131,85.96947479248047,0.5395590662956238,0,3,5771.750977,2.5593812465667725,2196.247559,-3.891827106,-2315.565186,right start,,2023-11-16T13:28:01.389454,1,545827,09:05.8,0.5356555581092834,103.04125213623047,0.4117647111415863,0,4,4712.419434,-4.287362099,2171.638184,-5.154522419,-2296.800781,end,,,,,,,,,,,,,,,,,,,,,,,2023-11-16T13:28:06.093344,1,550530,0.5361005067825317,108.9833755493164,0.0,0.0,4,4908.15771484375,3.059999704360962,2062.019287109375,-11.016267776489258,-2202.8427734375,,2.111862,1.16,4.723057,3
2023-11-16T13:28:06.093344,1,550530,0.5361005067825317,108.9833755493164,0.0,0.0,4,4908.15771484375,3.059999704360962,2062.019287109375,-11.016267776489258,-2202.8427734375,,2023-11-16T13:28:08.523454,1,552961,09:13.0,0.5363242626190186,108.11803436279297,0.2078431397676468,0,4,4896,3.421525239944458,2007.5025634765625,-13.96464252,-2154.905762,left start,,2023-11-16T13:28:09.673454,1,554111,09:14.1,0.5364328622817993,114.99117279052734,0.4431372582912445,0,4,5265.29248,3.682194471359253,1982.0118408203125,-15.39548492,-2130.498779,end,,,,,,,,,,,,,,,,,,,,,,,2023-11-16T13:28:14.923949,1,559362,0.5370493531227112,134.3921661376953,0.0,0.0,4,6039.0947265625,0.9899999499320984,1830.8289794921875,-19.68402671813965,-1998.7603759765625,,2.410943,1.15,5.277616,3
2023-11-16T13:28:14.923949,1,559362,0.5370493531227112,134.3921661376953,0.0,0.0,4,6039.0947265625,0.9899999499320984,1830.8289794921875,-19.68402671813965,-1998.7603759765625,,2023-11-16T13:28:16.896454,1,561334,09:21.3,0.5372697114944458,127.47390747070312,0.098078333,0,4,5740,-0.285619378,1775.7823486328125,-19.88641739,-1952.874512,right start,,2023-11-16T13:28:17.693454,1,562131,09:22.1,0.5373560190200806,126.10892486572266,0,0,4,5668.545898,-6.296875,1753.282470703125,-19.91530228,-1935.97229,end,,,,,,,,,,,,,,,,,,,,,,,2023-11-16T13:28:28.811691,1,573249,0.5384450554847717,110.66014099121094,0.0,0.0,4,4981.44384765625,0.13499999046325684,1483.999267578125,-17.03860855102539,-1704.7523193359375,,1.945384,0.797,11.125842,3
2023-11-16T13:28:28.811691,1,573249,0.5384450554847717,110.66014099121094,0.0,0.0,4,4981.44384765625,0.13499999046325684,1483.999267578125,-17.03860855102539,-1704.7523193359375,,2023-11-16T13:28:30.577454,1,575015,09:35.0,0.5386072397232056,104.61896514892578,0,0,4,4711.125977,-5.151156902,1444.7237548828125,-16.24117279,-1669.462524,left start,,2023-11-16T13:28:31.430454,1,575868,09:35.9,0.5386818051338196,100.04044342041016,0,0.062745102,4,4496,7.157879353,1427.575439453125,-15.87458229,-1652.230347,end,,,,,,,,,,,,,,,,,,,,,,,2023-11-16T13:28:32.276857,1,576714,0.5387517809867859,95.21473693847656,0.0,0.04365000128746033,4,4285.626953125,2.069999933242798,1410.52978515625,-15.484980583190918,-1636.9677734375,,1.758158,0.853,0.857542,3
2023-11-16T13:28:32.276857,1,576714,0.5387517809867859,95.21473693847656,0.0,0.04365000128746033,4,4285.626953125,2.069999933242798,1410.52978515625,-15.484980583190918,-1636.9677734375,,2023-11-16T13:28:34.818454,1,579256,09:39.3,0.5389468669891357,88.09710693359375,0.437152624,0,4,4044.843505859375,-6.33315134,1363.2923583984375,-14.02489758,-1594.557007,left start,,2023-11-16T13:28:35.648454,1,580086,09:40.1,0.14398708939552307,97.32215118408203,0.5764706134796143,0,4,4498.847168,7.951333999633789,1348.4136962890625,-13.45232487,-1579.223389,end,,,,,,,,,,,,,,,,,,,,,,,2023-11-16T13:28:47.718515,1,592155,0.5402919054031372,88.17094421386719,0.0,0.0,4,3975.237548828125,-1.9799998998641968,1045.9818115234375,-2.519054651260376,-1295.1512451171875,,2.530458,0.83,12.072223,3
2023-11-16T13:28:47.718515,1,592155,0.5402919054031372,88.17094421386719,0.0,0.0,4,3975.237548828125,-1.9799998998641968,1045.9818115234375,-2.519054651260376,-1295.1512451171875,,2023-11-16T13:28:49.244454,1,593682,09:53.7,0.14537611603736877,83.71166992,0,0.031372551,4,3769.058594,5.726039886474609,1024.6058349609375,-1.82217741,-1265.631958,right start,,2023-11-16T13:28:49.889454,1,594327,09:54.3,0.5404495000839233,79.9872818,0,0.042132348,4,3602.975098,-16.421875,1015.4972534179688,-1.62838757,-1254.12854,end Curve,,,,,,,,,,,,,,,,,,,,,,,2023-11-16T13:28:54.204188,1,598641,0.540736734867096,79.73981475830078,0.3372499942779541,0.0,4,3644.10107421875,-12.959999084472656,974.4902954101562,-1.5141297578811646,-1170.0010986328125,,1.523777,0.645,4.327455,3
2023-11-16T13:28:54.204188,1,598641,0.540736734867096,79.73981475830078,0.3372499942779541,0.0,4,3644.10107421875,-12.959999084472656,974.4902954101562,-1.5141297578811646,-1170.0010986328125,,2023-11-16T13:28:55.431454,1,599869,09:59.9,0.5408254265785217,90.36222839355469,0.3686274588108063,0,4,4138.709961,-4.72265625,966.6105957,-1.534206748,-1142.128296,left start,,2023-11-16T13:28:56.911454,1,601349,10:01.3,0.1459103375673294,91.82423400878906,0,0,4,4128.147461,-4.284980297,958.2340087890625,-1.521934271,-1104.998535,end Curve,,,,,,,,,,,,,,,,,,,,,,,2023-11-16T13:29:00.835740,1,605274,0.5412251949310303,71.68628692626953,0.0,0.0,3,4661.1884765625,-2.0249998569488525,944.9539794921875,-1.2863143682479858,-1014.4610595703125,,1.214545,1.48,3.952485,3
2023-11-16T13:29:00.835740,1,605274,0.5412251949310303,71.68628692626953,0.0,0.0,3,4661.1884765625,-2.0249998569488525,944.9539794921875,-1.2863143682479858,-1014.4610595703125,,2023-11-16T13:29:02.261454,1,606699,10:06.7,0.14627572894096375,69.56423950195312,0.3099130094051361,0,3,4588.222656,5.66796875,942.7542724609375,-1.120803356,-986.9249268,right start,,2023-11-16T13:29:03.584454,1,608022,10:08.0,0.5413998961448669,91.28620910644531,0.6256008148193359,0,3,6132.717773,-7.695892811,940.4111328,-0.947963059,-957.8154297,end Curve,,,,,,,,,,,,,,,,,,,,,,,2023-11-16T13:29:04.119159,1,608556,0.5414421558380127,93.40190124511719,0.0,0.0,3,6060.625,-2.744999885559082,939.9976196289062,-0.9149919152259827,-943.9464721679688,,1.397515,1.323,0.544114,3
2023-11-16T13:29:04.119159,1,608556,0.5414421558380127,93.40190124511719,0.0,0.0,3,6060.625,-2.744999885559082,939.9976196289062,-0.9149919152259827,-943.9464721679688,,2023-11-16T13:29:05.662454,1,610100,10:10.1,0.5415611267089844,87.57519531,0.15819162130355835,0,3,5712,4.612698078155518,938.6190795898438,-0.800157785,-905.2637939,right start,,2023-11-16T13:29:06.603454,1,611041,10:11.0,0.5416337251663208,97.36930084228516,0.6784313917160034,0,3,6551.679688,-7.6484375,936.7073364257812,-0.754225194,-881.5927124,end,,,,,,,,,,,,,,,,,,,,,,,2023-11-16T13:29:15.703278,1,620142,0.5425235629081726,108.43252563476562,0.0,0.0,4,4883.8544921875,-0.7649999260902405,934.63134765625,-0.4032444357872009,-591.3704833984375,,1.533886,0.941,9.124041,3
2023-11-16T13:29:15.703278,1,620142,0.5425235629081726,108.43252563476562,0.0,0.0,4,4883.8544921875,-0.7649999260902405,934.63134765625,-0.4032444357872009,-591.3704833984375,,2023-11-16T13:29:17.793454,1,622231,10:22.2,0.542710006,101.03839874267578,0.13701213896274567,0,4,4564,4.817800521850586,936.1191406,1.0925428867340088,-530.7086792,left start,,2023-11-16T13:29:18.699454,1,623137,10:23.1,0.5427886843681335,104.52764129638672,0.3686274588108063,0,4,4779.700684,4.859375,937.9383544921875,1.9163143634796143,-505.0742188,end,,,,,,,,,,,,,,,,,,,,,,,2023-11-16T13:29:24.943357,1,629382,0.5434845089912415,135.36834716796875,0.0,0.0,4,6083.34716796875,1.8449997901916504,945.1348266601562,6.628546237945557,-278.2768859863281,,2.065959,0.906,6.247599,3
2023-11-16T13:29:24.943357,1,629382,0.5434845089912415,135.36834716796875,0.0,0.0,4,6083.34716796875,1.8449997901916504,945.1348266601562,6.628546237945557,-278.2768859863281,,2023-11-16T13:29:26.466454,1,630904,10:30.9,0.5436564683914185,129.52752685546875,0,0,4,5821.314941,3.4789998531341553,946.2744141,6.8434224128723145,-222.3169556,right start,,2023-11-16T13:29:27.381454,1,631819,10:31.8,0.5437565445899963,128.1581573486328,0.2012893706560135,0,4,5796,-1.678540707,945.1850586,6.894619941711426,-189.7025299,end Curve,,,,,,,,,,,,,,,,,,,,,,,2023-11-16T13:29:29.885612,1,634323,0.5440220832824707,120.54532623291016,0.0,0.0,4,5421.75634765625,2.7899997234344482,945.5823974609375,6.622298717498779,-103.07485961914062,,1.519401,0.915,2.517357,3
2023-11-16T13:29:29.885612,1,634323,0.5440220832824707,120.54532623291016,0.0,0.0,4,5421.75634765625,2.7899997234344482,945.5823974609375,6.622298717498779,-103.07485961914062,,2023-11-16T13:29:31.680454,1,636118,10:36.1,0.5442027449607849,115.59677124023438,0.10714449733495712,0,4,5216,-0.020658031,946.0512695,6.3818254470825195,-44.32117462,left start,,2023-11-16T13:29:32.590454,1,637028,10:37.0,0.5442915558815002,114.32085418701172,0.090196081,0,4,5152,4.719807147979736,947.5063477,6.266019821166992,-15.31297112,end Curve,,,,,,,,,,,,,,,,,,,,,,,2023-11-16T13:29:39.652555,1,644088,0.5451403260231018,166.22369384765625,0.0,0.0,5,5845.2041015625,-1.529999852180481,936.50390625,5.156829357147217,261.2789611816406,,1.781643,0.91,7.084851,3
2023-11-16T13:29:39.652555,1,644088,0.5451403260231018,166.22369384765625,0.0,0.0,5,5845.2041015625,-1.529999852180481,936.50390625,5.156829357147217,261.2789611816406,,2023-11-16T13:29:41.285454,1,645723,10:45.7,0.5453681945800781,160.1295928955078,0,0,5,5634.600586,1.705170989,937.5275879,5.142692565917969,335.4202575683594,left start,,2023-11-16T13:29:42.418454,1,646856,10:46.9,0.1504853218793869,156.03269958496094,0.037737298756837845,0,5,5492,5.965487003326416,939.3342285,5.298404693603516,385.1345520019531,end,,,,,,,,,,,,,,,,,,,,,,,2023-11-16T13:29:47.667990,1,652107,0.5462145805358887,142.35647583007812,0.0,0.2857000231742859,5,4952.0478515625,0.5399999618530273,939.9534301757812,5.989529609680176,611.538330078125,,1.610149,1.133,5.255531,3
2023-11-16T13:29:47.667990,1,652107,0.5462145805358887,142.35647583007812,0.0,0.2857000231742859,5,4952.0478515625,0.5399999618530273,939.9534301757812,5.989529609680176,611.538330078125,,2023-11-16T13:29:49.655454,1,654093,10:54.1,0.15139393508434296,118.58587646484375,0,0,5,4180,2.11328125,938.4063720703125,6.205140113830566,681.4352416992188,right start,,2023-11-16T13:29:50.416454,1,654854,10:54.9,0.5465051531791687,116.5514907836914,0,0,5,4110.604492,-9.982719421,936.3914794921875,6.281927108764648,706.1958008,end,,,,,,,,,,,,,,,,,,,,,,,2023-11-16T13:29:51.150988,1,655587,0.5465771555900574,114.7468032836914,0.0,0.0,5,4046.218017578125,-2.114999771118164,935.7736206054688,6.3502068519592285,729.7252197265625,,1.981469,0.761,0.735071,3
2023-11-16T13:29:51.150988,1,655587,0.5465771555900574,114.7468032836914,0.0,0.0,5,4046.218017578125,-2.114999771118164,935.7736206054688,6.3502068519592285,729.7252197265625,,2023-11-16T13:29:52.687454,1,657125,10:57.1,0.546725333,110.9875259399414,0.026608601212501526,0,5,3914,5.628584384918213,934.6712646484375,6.500168800354004,777.9357299804688,right start,,2023-11-16T13:29:53.455454,1,657893,10:57.9,0.5467976927757263,113.60965728759766,0.5764706134796143,0,5,4083.734863,-6.526285648,932.6532592773438,6.5766072273254395,801.5874023,end,,,,,,,,,,,,,,,,,,,,,,,2023-11-16T13:30:00.850641,1,665289,0.5476512312889099,133.62796020507812,0.0,0.0,5,4710.05322265625,0.7649999260902405,930.7290649414062,6.5696940422058105,1080.0462646484375,,1.535929,0.768,7.402604,3
2023-11-16T13:30:00.850641,1,665289,0.5476512312889099,133.62796020507812,0.0,0.0,5,4710.05322265625,0.7649999260902405,930.7290649414062,6.5696940422058105,1080.0462646484375,,2023-11-16T13:30:02.770454,1,667208,11:07.2,0.547864974,127.4407043,0,0,5,4492,7.51171875,932.1210327,7.246305943,1149.607422,left start,,2023-11-16T13:30:03.672454,1,668110,11:08.1,0.547961712,124.7590637,0.196460828,0,5,4416,4.76953125,933.9316406,7.859744072,1181.130981,end,,,,,,,,,,,,,,,,,,,,,,,2023-11-16T13:30:06.800026,1,671238,0.5482842326164246,116.32933807373047,0.0,0.0,5,4103.685546875,-0.44999998807907104,934.5407104492188,10.962844848632812,1286.397216796875,,1.912396,0.902,3.149256,3
2023-11-16T13:30:06.800026,1,671238,0.5482842326164246,116.32933807373047,0.0,0.0,5,4103.685546875,-0.44999998807907104,934.5407104492188,10.962844848632812,1286.397216796875,,2023-11-16T13:30:08.644454,1,673082,11:13.1,0.548462749,111.6545715,0.396674663,0,5,3975.1521,-1.081314802,933.987854,12.58951187,1344.463501,right start,,2023-11-16T13:30:09.838454,1,674276,11:14.3,0.548581302,122.6471176,0.713725507,0,5,4412.757324,-3.075605869,933.0675659,13.40971184,1383.180298,end Curve,,,,,,,,,,,,,,,,,,,,,,,2023-11-16T13:30:12.932424,1,677370,0.5489163398742676,124.5235595703125,0.0,0.0,5,4388.2509765625,-0.9449999332427979,940.4879760742188,14.528470039367676,1492.423095703125,,1.822744,1.194,3.110358,3
2023-11-16T13:30:12.932424,1,677370,0.5489163398742676,124.5235595703125,0.0,0.0,5,4388.2509765625,-0.9449999332427979,940.4879760742188,14.528470039367676,1492.423095703125,,2023-11-16T13:30:14.131454,1,678569,11:18.6,0.549041986,121.4096909,0,0,5,4280,-7.78125,946.6043091,14.50238323,1532.943604,left start,,2023-11-16T13:30:15.238454,1,679676,11:19.7,0.549154043,119.8903046,0.447015315,0,5,4277.582031,7.655867577,955.2147827,14.27019501,1568.87561,end Curve,,,,,,,,,,,,,,,,,,,,,,,2023-11-16T13:32:30.317134,1,814755,0.5219318270683289,0.0848826915025711,0.0,1.0,1,800.0,0.0,5888.7109375,24.147340774536133,-4650.96923828125,,1.182642,1.107,135.080756,3
,,,,,,,,,,,,,,,,,,,,,,,,,,,,,,,,,,,,,,,,,,,,,,,,,
,,,,,,,,,,,,,,,,,,,,,,,,,,,,,,,,,,,,,,,,,,,,,,,,,
,,,,,,,,,,,,,,,,,,,,,,,,,,,,,,,,,,,,,,,,,,,,,,,,,
2023-11-16T13:33:46.910698,1,891348,0.524380624294281,115.40184020996094,0.0,0.0,5,4069.8330078125,0.8999999761581421,5171.9521484375,10.110868453979492,-4346.326171875,,2023-11-16T13:33:48.889454,1,893327,14:53.3,0.524577677,112.5434723,0,0,5,3970.832031,0.584960938,5115.96582,8.557641029,-4318.206055,right start,,2023-11-16T13:33:50.639454,1,895077,14:55.1,0.524742544,103.0785522,0,0,5,3637.47876,0.563091934,5069.246582,7.270926476,-4294.174316,end Curve 2shasen,,,,,,,,,,,,,,,,,,,,,,,2023-11-16T13:33:52.477683,1,896916,0.524905800819397,101.09320068359375,0.09920001029968262,0.0,5,3574.143798828125,-9.404999732971191,5022.7470703125,6.036938190460205,-4270.7529296875,,1.955948,1.75,1.852006,1
2023-11-16T13:33:56.143018,1,900579,0.5252503752708435,107.71314239501953,0.0,0.0,5,3801.289794921875,-1.7549998760223389,4929.3623046875,4.901120662689209,-4212.75146484375,,2023-11-16T13:33:58.483454,1,902921,15:02.9,0.525465071,102.9863815,0.004444604,0,5,3636,-5.12890625,4872.89209,4.74986887,-4173.925293,left start,,2023-11-16T13:33:59.880454,1,904318,15:04.3,0.52558881,102.3161697,0.125490203,0,5,3620,6.4765625,4842.193848,4.603083611,-4148.612793,end 2sha,,,,,,,,,,,,,,,,,,,,,,,2023-11-16T13:34:00.825901,1,905262,0.5256720781326294,102.01441192626953,0.1269499957561493,0.0,5,3609.2158203125,5.984999656677246,4821.02734375,4.584176063537598,-4132.20263671875,,2.314026,1.397,0.954156,1
2023-11-16T13:34:03.093649,1,907530,0.5258792042732239,107.06169891357422,0.0,0.0,5,3777.929931640625,-0.9899999499320984,4766.3564453125,4.650867462158203,-4095.59326171875,,2023-11-16T13:34:05.554454,1,909992,15:10.0,0.526106536,108.5726013,0.278431386,0,5,3861.081055,2.196745872,4705.181152,4.781872749,-4056.36499,right start,,2023-11-16T13:34:06.439454,1,910877,15:10.9,0.52619046,111.3351135,0.262745112,0,5,3957.111816,-7.73828125,4681.650391,4.971437454,-4043.009521,end,,,,,,,,,,,,,,,,,,,,,,,2023-11-16T13:34:06.425882,1,910863,0.5261887907981873,111.31709289550781,0.2658500075340271,0.0,5,3956.44677734375,-7.739998817443848,4682.03076171875,4.969223976135254,-4043.237548828125,,2.442758,0.885,-0.001792,1
2023-11-16T13:34:18.457518,1,922896,0.527664065361023,152.94976806640625,0.0,0.0,5,5382.43310546875,0.5399999618530273,4286.7431640625,5.293468952178955,-3781.28759765625,,2023-11-16T13:34:20.021454,1,924459,15:24.5,0.527867138,147.5913696,0,0,5,5196,-1.806890488,4231.702637,5.340811729,-3746.220703,right start,,2023-11-16T13:34:21.227454,1,925665,15:25.7,0.528018355,143.8527069,0.103264123,0,5,5072,-1.149886966,4190.014648,5.389433861,-3720.796631,end,,,,,,,,,,,,,,,,,,,,,,,2023-11-16T13:34:20.141575,1,924579,0.5278819799423218,147.32261657714844,0.0,0.0,5,5185.02783203125,-5.894999980926514,4227.4462890625,5.347634315490723,-3743.77880859375,,1.534337,1.206,-1.069454,1
2023-11-16T13:34:27.611141,1,932046,0.5287728309631348,136.14852905273438,0.3571000099182129,0.0,5,4847.4658203125,4.139999866485596,3986.72705078125,6.6101155281066895,-3586.45166015625,,2023-11-16T13:34:28.863454,1,933301,15:33.3,0.528919637,133.9010773,0,0,5,4714.141602,-10.90579414,3947.678223,7.570054054,-3559.654053,left start,,2023-11-16T13:34:29.432454,1,933870,15:33.9,0.52898407,131.73909,0,0,5,4642.311035,15.81529522,3931.364502,8.066875458,-3546.435547,end,,,,,,,,,,,,,,,,,,,,,,,2023-11-16T13:34:29.608447,1,934047,0.5290036201477051,131.07212829589844,0.0,0.0,5,4617.974609375,16.244998931884766,3926.35400390625,8.229864120483398,-3542.37890625,,1.247289,0.569,0.195168,1
2023-11-16T13:34:30.673638,1,935112,0.5291215181350708,126.8158950805664,0.0,0.0,5,4469.27587890625,-2.1599998474121094,3894.9150390625,9.25092601776123,-3520.9052734375,,2023-11-16T13:34:32.230454,1,936668,15:36.7,0.529286981,121.2948685,0,0,5,4272.222656,0.574637175,3849.445313,10.64571762,-3492.589355,right start,,2023-11-16T13:34:32.890454,1,937328,15:37.3,0.514482975,119.0426331,0.058370598,0,5,4196.230957,-12.23708153,3830.142578,11.15989399,-3481.998291,end,,,,,,,,,,,,,,,,,,,,,,,2023-11-16T13:34:32.606941,1,937044,0.5293254256248474,120.02230834960938,0.0,0.0,5,4231.1328125,-12.419999122619629,3838.33544921875,10.948282241821289,-3486.666015625,,1.52997,0.66,-0.261155,1
2023-11-16T13:34:35.058465,1,939495,0.52957683801651,121.12071990966797,0.2738000154495239,0.0,5,4302.46875,-0.7649999260902405,3769.676513671875,12.430723190307617,-3442.876708984375,,2023-11-16T13:34:36.588454,1,941026,15:41.0,0.529739082,125.3780365,0.278431386,0,5,4452,-2.041201115,3726.630127,13.00577641,-3412.969238,left start,,2023-11-16T13:34:37.257454,1,941695,15:41.7,0.529811323,127.2426071,0.250980407,0,5,4516,11.60445499,3708.189209,13.15282822,-3398.434326,end,,,,,,,,,,,,,,,,,,,,,,,2023-11-16T13:34:37.058560,1,941496,0.5297893285751343,126.80720520019531,0.2738000154495239,0.0,5,4502.80859375,11.38499927520752,3713.75390625,13.112992286682129,-3402.752685546875,,1.501577,0.669,-0.188253,1
2023-11-16T13:34:39.457132,1,943896,0.5300620198249817,136.58998107910156,0.0,0.0,5,4811.1162109375,0.44999998807907104,3641.092529296875,13.320671081542969,-3352.56591796875,,2023-11-16T13:34:40.259454,1,944697,15:44.7,0.53015542,134.3779449,0,0,5,4732,-4.013758659,3616.175781,13.21792793,-3335.568115,left start,,2023-11-16T13:34:41.439454,1,945877,15:45.9,0.530289769,131.4432068,0,0,5,4628,5.406143188,3581.040283,12.88891411,-3309.812988,end,,,,,,,,,,,,,,,,,,,,,,,2023-11-16T13:34:41.523744,1,945963,0.5302990078926086,131.2227020263672,0.0,0.0,5,4622.890625,4.724999904632568,3578.532470703125,12.857845306396484,-3307.97216796875,,0.782121,1.18,0.118912,1
2023-11-16T13:34:48.307078,1,952743,0.5310937762260437,134.6074676513672,0.0,0.0,5,4742.5498046875,-0.22499999403953552,3364.5830078125,8.135147094726562,-3165.463623046875,,2023-11-16T13:34:49.970454,1,954408,15:54.4,0.531283915,130.9302826,0,0,5,4612,-2.379529715,3312.975342,6.857565403,-3132.184082,right start,,2023-11-16T13:34:50.671454,1,955109,15:55.1,0.531362057,129.3713226,0,0,5,4558.60498,-3.835735083,3290.917725,6.355596066,-3119.730225,end,,,,,,,,,,,,,,,,,,,,,,,2023-11-16T13:34:50.441975,1,954879,0.5313361287117004,129.93865966796875,0.0,0.0,5,4578.77978515625,-9.3149995803833,3298.06689453125,6.521259784698486,-3123.928955078125,,1.633645,0.701,-0.217234,1
2023-11-16T13:34:55.873301,1,960312,0.5319530963897705,132.17892456054688,0.0,0.0,5,4657.001953125,2.879999876022339,3131.191162109375,2.2887752056121826,-3014.039306640625,,2023-11-16T13:34:57.100454,1,961538,16:01.5,0.532091081,129.6870728,0,0,5,4568.07666,2.700078964,3093.294434,1.336888671,-2990.520996,right start,,2023-11-16T13:34:57.953454,1,962391,16:02.4,0.532185197,127.9945755,0,0,5,4508,-6.02734375,3066.857178,0.729676843,-2975.296631,end,,,,,,,,,,,,,,,,,,,,,,,2023-11-16T13:34:57.656623,1,962094,0.5321521759033203,128.5922088623047,0.0,0.0,5,4531.4140625,-4.814999580383301,3076.022705078125,0.9393512606620789,-2980.607666015625,,1.207157,0.853,-0.295249,1
2023-11-16T13:35:00.857242,1,965295,0.5324959754943848,121.70064544677734,0.0,0.0,5,4289.92578125,0.08999999612569809,2982.712890625,-1.3544213771820068,-2919.820068359375,,2023-11-16T13:35:01.737454,1,966175,16:06.2,0.532587409,120.0426865,0,0,5,4232,-4.8125,2958.358398,-1.910700917,-2903.08374,left start,,2023-11-16T13:35:02.924454,1,967362,16:07.4,0.532708287,117.4735641,0,0,5,4143.05957,2.617260933,2926.841309,-2.206722736,-2879.787109,end,,,,,,,,,,,,,,,,,,,,,,,2023-11-16T13:35:03.224143,1,967662,0.5327379703521729,116.8120346069336,0.04365000128746033,0.0,5,4121.93115234375,3.4649999141693115,2918.9970703125,-2.2016046047210693,-2874.004638671875,,0.863997,1.187,0.316636,1
2023-11-16T13:35:08.789482,1,973227,0.5333661437034607,133.1113739013672,0.0,0.0,5,4689.5087890625,-2.0249998569488525,2749.449951171875,-1.9266762733459473,-2761.331787109375,,2023-11-16T13:35:10.623454,1,975061,16:15.1,0.53357172,127.883316,0,0,5,4505.922363,1.59103477,2693.615479,-1.824818611,-2725.20459,right start,,2023-11-16T13:35:11.597454,1,976035,16:16.0,0.533676982,125.2028275,0,0,5,4412,-4.58984375,2664.177246,-1.740806222,-2707.755127,end Curve,,,,,,,,,,,,,,,,,,,,,,,2023-11-16T13:35:11.473365,1,975912,0.5336633920669556,125.57213592529297,0.0,0.0,5,4425.798828125,-5.444999694824219,2667.79931640625,-1.7511814832687378,-2710.054443359375,,1.808499,0.974,-0.116055,1
2023-11-16T13:35:15.908780,1,980346,0.5341615676879883,133.30899047851562,0.0,0.0,5,4696.91357421875,-3.5099997520446777,2538.47607421875,-1.2983324527740479,-2613.109375,,2023-11-16T13:35:16.591454,1,981029,16:21.0,0.534239233,131.3098145,0,0,5,4626.589844,-3.509765625,2519.679199,-1.224938512,-2596.458252,left start,,2023-11-16T13:35:17.660454,1,982098,16:22.1,0.534358025,128.3526917,0,0,5,4520,4.831218719,2491.653809,-1.119278789,-2570.000977,end,,,,,,,,,,,,,,,,,,,,,,,2023-11-16T13:35:17.374134,1,981810,0.534325897693634,129.15684509277344,0.0,0.0,5,4551.1103515625,4.904999732971191,2499.14013671875,-1.1483207941055298,-2577.074951171875,,0.665857,1.069,-0.268837,1
2023-11-16T13:35:19.805005,1,984243,0.534588098526001,122.72394561767578,0.0,0.0,5,4327.0185546875,-0.22499999403953552,2435.55419921875,-0.988688588142395,-2520.578369140625,,2023-11-16T13:35:21.146454,1,985584,16:25.6,0.534727514,119.3092422,0,0,5,4207.749512,-4.8041749,2401.95459,-0.968716443,-2490.475342,left start,,2023-11-16T13:35:21.931454,1,986369,16:26.4,0.13978149,117.4155807,0,0,5,4140,10.22538853,2383.685547,-0.970727682,-2472.272705,end,,,,,,,,,,,,,,,,,,,,,,,2023-11-16T13:35:21.925850,1,986364,0.5348058342933655,117.45842742919922,0.0,0.0,5,4143.314453125,10.25999927520752,2383.805419921875,-0.9709152579307556,-2472.39208984375,,1.321915,0.785,0.018625,1
2023-11-16T13:35:26.489384,1,990927,0.5352643132209778,114.15497589111328,0.0,0.0,5,4025.372802734375,2.069999933242798,2271.8125,-0.971406877040863,-2374.67431640625,,2023-11-16T13:35:27.649454,1,992087,16:32.1,0.140351757,112.0998154,0,0,5,3950.89624,7.84250927,2243.538818,-1.557408094,-2351.706787,right start,,2023-11-16T13:35:28.351454,1,992789,16:32.8,0.535443783,111.3063583,0,0,5,3926,-13.15775394,2225.862305,-2.366798878,-2338.979248,end,,,,,,,,,,,,,,,,,,,,,,,2023-11-16T13:35:28.190735,1,992628,0.5354281067848206,111.52081298828125,0.0,0.0,5,3931.68994140625,-13.319999694824219,2229.896240234375,-2.1602838039398193,-2341.937744140625,,1.128439,0.702,-0.155478,1
2023-11-16T13:35:39.807196,1,1004244,0.5371127724647522,173.2863006591797,0.0,0.3928000032901764,6,4799.65966796875,-0.4949999749660492,1815.25537109375,-19.74833869934082,-1985.1588134765625,,2023-11-16T13:35:41.005454,1,1005443,16:45.4,0.537284493,164.9741669,0,0,6,4656,-0.704071164,1772.120728,-19.89310837,-1949.71228,right start,,2023-11-16T13:35:41.596454,1,1006034,16:46.0,0.537367046,163.1259766,0,0,6,4604,-8.171777725,1750.544678,-19.91610336,-1933.622925,end,,,,,,,,,,,,,,,,,,,,,,,2023-11-16T13:35:41.141940,1,1005579,0.5373031497001648,164.5811309814453,0.0,0.0,6,4644.30615234375,-1.3499999046325684,1767.1644287109375,-19.90314483642578,-1945.9857177734375,,1.189693,0.591,-0.425223,1
2023-11-16T13:35:42.444648,1,1006884,0.537483811378479,160.23374938964844,0.0,0.0,6,4521.4375,-4.724999904632568,1721.1356201171875,-19.857898712158203,-1909.29736328125,,2023-11-16T13:35:42.964454,1,1007402,16:47.4,0.537554502,158.510498,0,0,6,4473.811523,3.01450634,1704.474609,-19.79592705,-1893.531372,left start,,2023-11-16T13:35:43.739454,1,1008177,16:48.2,0.537658393,156.1437683,0,0,6,4408,-0.669175029,1680.071777,-19.69061089,-1870.030029,end,,,,,,,,,,,,,,,,,,,,,,,2023-11-16T13:35:46.574673,1,1011012,0.5380253195762634,147.7931365966797,0.0,0.0,6,4175.8720703125,1.7549998760223389,1590.2105712890625,-19.067901611328125,-1791.0062255859375,,0.498881,0.775,2.863086,1
2023-11-16T13:35:46.574673,1,1011012,0.5380253195762634,147.7931365966797,0.0,0.0,6,4175.8720703125,1.7549998760223389,1590.2105712890625,-19.067901611328125,-1791.0062255859375,,2023-11-16T13:35:48.034454,1,1012472,16:52.5,0.538206697,143.049942,0,0,6,4040,-1.942800045,1544.644653,-18.21959114,-1753.535156,right start,,2023-11-16T13:35:48.619454,1,1013057,16:53.1,0.538277328,141.2047119,0,0,6,3988,-5.578125,1526.009888,-17.867239,-1739.907715,end,,,,,,,,,,,,,,,,,,,,,,,2023-11-16T13:35:48.676424,1,1013115,0.5382839441299438,141.01742553710938,0.0,0.0,6,3984.6513671875,-5.5799994468688965,1524.2152099609375,-17.829687118530273,-1738.520263671875,,1.431914,0.585,0.067641,1
2023-11-16T13:35:53.741101,1,1018179,0.5388621687889099,127.65879821777344,0.047600001096725464,0.0,6,3611.9951171875,-2.0249998569488525,1381.224853515625,-14.724791526794434,-1615.703857421875,,2023-11-16T13:35:54.633454,1,1019071,16:59.1,0.538959026,125.2965698,0.048937794,0,6,3546,-3.829841852,1357.953003,-13.92190933,-1594.714844,left start,,2023-11-16T13:35:55.927454,1,1020365,17:00.4,0.539095759,122.7065125,0.121568628,0,5,4332,0.539550781,1325.525269,-12.73963547,-1564.211304,end,,,,,,,,,,,,,,,,,,,,,,,2023-11-16T13:35:56.141758,1,1020579,0.539117693901062,122.34532928466797,0.1269499957561493,0.0,5,4322.021484375,1.934999704360962,1320.1649169921875,-12.543706893920898,-1559.305419921875,,0.871952,1.294,0.246532,1
2023-11-16T13:36:01.170444,1,1025607,0.5397043228149414,141.4874267578125,0.0,0.0,5,4982.07177734375,-0.5849999785423279,1175.9334716796875,-7.452730655670166,-1433.9300537109375,,2023-11-16T13:36:02.317454,1,1026755,17:06.8,0.539841056,137.0803375,0,0,5,4824.857422,-4.2265625,1142.745361,-6.282772541,-1404.405762,left start,,2023-11-16T13:36:03.443454,1,1027881,17:07.9,0.144944876,132.952774,0.138495386,0,5,4691.316406,-2.51953125,1112.888794,-5.265321255,-1374.614624,end Curve,,,,,,,,,,,,,,,,,,,,,,,2023-11-16T13:36:03.238317,1,1027677,0.5399471521377563,133.65380859375,0.0,0.0,5,4708.3251953125,-3.194999933242798,1118.09130859375,-5.438066005706787,-1380.1090087890625,,1.130415,1.126,-0.183627,1
2023-11-16T13:36:15.987419,1,1040424,0.5415244698524475,138.54830932617188,0.0,0.0,5,4878.900390625,0.9899999499320984,943.0938110351562,-0.8321897387504578,-917.0502319335938,,2023-11-16T13:36:17.502454,1,1041940,17:21.9,0.146665916,133.9511261,0,0,5,4719.615723,3.501133919,942.0859375,-0.770163774,-859.6809692,right start,,2023-11-16T13:36:18.208454,1,1042646,17:22.6,0.541780591,132.0758362,0,0,5,4652,-10.390625,940.0369263,-0.830738425,-833.6782837,end,,,,,,,,,,,,,,,,,,,,,,,2023-11-16T13:36:20.355157,1,1044792,0.5420165061950684,126.74742126464844,0.0,0.0,5,4472.4248046875,1.0799999237060547,939.3699951171875,-1.0847201347351074,-756.6727294921875,,1.492817,0.706,2.167322,1
2023-11-16T13:36:20.355157,1,1044792,0.5420165061950684,126.74742126464844,0.0,0.0,5,4472.4248046875,1.0799999237060547,939.3699951171875,-1.0847201347351074,-756.6727294921875,,2023-11-16T13:36:22.737454,1,1047175,17:27.2,0.542268097,120.61763,0,0,5,4256,-0.502250195,939.9598389,-1.270095348,-674.7738647,left start,,2023-11-16T13:36:23.578454,1,1048016,17:28.0,0.147318512,118.4596252,0,0,5,4176,3.1484375,941.7886353,-1.134308457,-646.8676147,end,,,,,,,,,,,,,,,,,,,,,,,2023-11-16T13:36:23.271219,1,1047708,0.542322039604187,119.33904266357422,0.0,0.0,5,4206.31787109375,4.09499979019165,941.2724609375,-1.2020951509475708,-657.059326171875,,2.361678,0.841,-0.286424,1
2023-11-16T13:36:27.470062,1,1051908,0.5427311062812805,109.27533721923828,0.0,0.0,5,3856.042236328125,0.9899999499320984,941.8869018554688,1.3070557117462158,-523.7463989257812,,2023-11-16T13:36:28.288454,1,1052726,17:32.7,0.147771373,106.6175537,0,0,5,3763.714844,8.235548973,941.2772827,2.099934578,-499.2365112,right start,,2023-11-16T13:36:29.381454,1,1053819,17:33.8,0.542904019,103.1115723,0,0,5,3639.94165,-6.790349483,939.3223877,3.128483295,-467.4692993,end Curve,,,,,,,,,,,,,,,,,,,,,,,2023-11-16T13:36:29.570380,1,1054008,0.5429202914237976,102.55458068847656,0.0,0.0,5,3618.892578125,-5.309999942779541,939.0975952148438,3.2984402179718018,-462.0904235839844,,0.814703,1.093,0.2012,1
2023-11-16T13:36:32.469604,1,1056909,0.5431791543960571,107.2841567993164,0.11505001783370972,0.0,5,3793.57275390625,-1.619999885559082,940.561279296875,5.407066345214844,-377.7384033203125,,2023-11-16T13:36:33.707454,1,1058145,17:38.1,0.148256227,106.7810974,0.243137255,0,5,3790.882813,-7.01953125,943.0745239,6.010637283,-341.141449,left start,,2023-11-16T13:36:34.534454,1,1058972,17:39.0,0.148331791,108.9195023,0.384811401,0,5,3876.619385,7.453303814,946.1414795,6.313565254,-316.6121521,end Curve,,,,,,,,,,,,,,,,,,,,,,,2023-11-16T13:36:34.403378,1,1058841,0.5433552265167236,108.31098937988281,0.32934999465942383,0.0,5,3858.65478515625,8.729998588562012,945.6465454101562,6.269056797027588,-320.5477294921875,,1.208687,0.827,-0.12678,1
2023-11-16T13:36:38.787386,1,1063224,0.5438202619552612,129.7362060546875,0.0,0.0,5,4570.04541015625,0.3149999678134918,951.8456420898438,6.869609355926514,-168.93345642089844,,2023-11-16T13:36:41.310454,1,1065748,17:45.7,0.14905715,123.352951,0,0,5,4348,2.217664957,951.2752075,6.520784378,-80.22122955,right start,,2023-11-16T13:36:42.133454,1,1066571,17:46.6,0.544178128,121.3384171,0,0,5,4280,-4.565998077,949.3241577,6.408867836,-52.29125214,end Curve,,,,,,,,,,,,,,,,,,,,,,,2023-11-16T13:36:42.187887,1,1066626,0.5441834330558777,121.31241607666016,0.0,0.0,5,4278.21435546875,-4.09499979019165,949.2296142578125,6.401144027709961,-50.46022415161133,,2.520429,0.823,0.076306,1
2023-11-16T13:36:52.103876,1,1076541,0.5451506972312927,99.80328369140625,0.0,0.0,5,3523.3310546875,-3.1049997806549072,936.5487670898438,5.143151760101318,264.5951843261719,,2023-11-16T13:36:53.968454,1,1078406,17:58.4,0.545306981,97.5308609,0.176470593,0,4,4416,0.977499247,935.7955322,5.097148895,315.4783325,right start,,2023-11-16T13:36:55.350454,1,1079788,17:59.8,0.545425415,106.783432,0.498039216,0,4,4911.612793,0.872707367,933.8346558,5.211789608,354.0894165,end,,,,,,,,,,,,,,,,,,,,,,,2023-11-16T13:37:00.153580,1,1084590,0.5458617806434631,104.21000671386719,0.13885000348091125,0.0,4,4711.0712890625,2.56499981880188,932.6290283203125,5.6372785568237305,496.4516296386719,,1.855102,1.382,4.818994,1
2023-11-16T13:37:00.153580,1,1084590,0.5458617806434631,104.21000671386719,0.13885000348091125,0.0,4,4711.0712890625,2.56499981880188,932.6290283203125,5.6372785568237305,496.4516296386719,,2023-11-16T13:37:01.933454,1,1086371,18:06.4,0.546019673,103.7237396,0.141176477,0,4,4688,-3.638201952,933.4651489,5.795876503,547.8735352,left start,,2023-11-16T13:37:02.939454,1,1087377,18:07.4,0.546108365,103.4608994,0.13333334,0,4,4672,6.229149818,935.366272,5.885165691,576.7926025,end,,,,,,,,,,,,,,,,,,,,,,,2023-11-16T13:37:02.286307,1,1086723,0.5460504293441772,103.69694519042969,0.14285001158714294,0.0,4,4685.77392578125,2.249999761581421,934.1956176757812,5.828754901885986,557.9862060546875,,1.764006,1.006,-0.623918,1
2023-11-16T13:37:06.085291,1,1090524,0.5464157462120056,123.03834533691406,0.0,0.0,4,5534.4619140625,0.7199999690055847,935.8212280273438,6.1871161460876465,677.1017456054688,,2023-11-16T13:37:07.655454,1,1092093,18:12.1,0.546576858,117.6896057,0,0,4,5293.575195,4.164520264,934.803833,6.348675251,729.5383911,right start,,2023-11-16T13:37:08.551454,1,1092989,18:13.0,0.546665311,114.7823639,0,0,4,5164,-5.532081604,932.8057861,6.438588619,758.3985596,end,,,,,,,,,,,,,,,,,,,,,,,2023-11-16T13:37:08.619599,1,1093056,0.5466715693473816,114.58564758300781,0.0,0.0,4,5157.40576171875,-4.544999599456787,932.7047729492188,6.441230297088623,760.5288696289062,,1.551253,0.896,0.072078,1
2023-11-16T13:37:12.603589,1,1097040,0.5470447540283203,105.16686248779297,0.0,0.0,4,4736.51318359375,-1.5749999284744263,931.6332397460938,6.814658164978027,882.1727905273438,,2023-11-16T13:37:14.083454,1,1098521,18:18.5,0.5471749305725098,100.99696350097656,0,0,4,4551.450195,-5.326873302,932.6995239257812,6.871099948883057,924.5565795898438,left start,,2023-11-16T13:37:14.947454,1,1099385,18:19.4,0.5472473502159119,98.80358123779297,0,0,4,4452,7.69140625,934.4800415039062,6.8371148109436035,948.4844970703125,end,,,,,,,,,,,,,,,,,,,,,,,2023-11-16T13:37:14.703240,1,1099140,0.5472273230552673,99.45606994628906,0.0,0.0,4,4479.88330078125,7.6949992179870605,934.060546875,6.847304821014404,941.7364501953125,,1.471095,0.864,-0.217524,1
2023-11-16T13:37:17.267635,1,1101705,0.5474486351013184,106.40727233886719,0.0,0.0,4,4791.9912109375,0.6299999356269836,934.8649291992188,6.657922267913818,1013.9580078125,,2023-11-16T13:37:19.491454,1,1103929,18:23.9,0.547644854,100.39239501953125,0,0,4,4521.234375,-5.12890625,935.8504638671875,6.563429355621338,1077.836669921875,left start,,2023-11-16T13:37:20.225454,1,1104663,18:24.7,0.15267156064510345,98.33445739746094,0,0,4,4429.604004,9.573522567749023,937.7542114257812,6.655620098114014,1097.997314453125,end,,,,,,,,,,,,,,,,,,,,,,,2023-11-16T13:37:20.371937,1,1104810,0.5477187633514404,97.92656707763672,0.0,0.0,4,4412.35546875,9.539999961853027,938.0569458007812,6.684322834014893,1101.992919921875,,2.210344,0.734,0.177202,1
2023-11-16T13:37:24.585313,1,1109022,0.5480957627296448,106.83960723876953,0.19840002059936523,0.0,4,4837.3544921875,1.4399999380111694,938.4907836914062,9.022231101989746,1224.9407958984375,,2023-11-16T13:37:26.446454,1,1110884,18:30.9,0.15323013067245483,106.6392822265625,0.18039216101169586,0,4,4824,0.8848949074745178,937.0579833984375,10.760351181030273,1280.0816650390625,right start,,2023-11-16T13:37:27.476454,1,1111914,18:31.9,0.5483585596084595,106.35262298583984,0.18039216101169586,0,4,4816,-7.51171875,935.1831665039062,11.69211483001709,1310.514892578125,end,,,,,,,,,,,,,,,,,,,,,,,2023-11-16T13:37:35.583871,1,1120023,0.5490959882736206,93.30634307861328,0.09920001029968262,0.0,4,4214.84130859375,-2.384999990463257,952.2052612304688,14.412817001342773,1549.9473876953125,,1.829595,1.03,8.129112,1
2023-11-16T13:37:35.583871,1,1120023,0.5490959882736206,93.30634307861328,0.09920001029968262,0.0,4,4214.84130859375,-2.384999990463257,952.2052612304688,14.412817001342773,1549.9473876953125,,2023-11-16T13:37:37.780454,1,1122218,18:42.2,0.5492669939994812,89.58898162841797,0.1802539974451065,0,4,4055.929443359375,-7.514883995,964.7681274414062,13.860976219177246,1604.1153564453125,left start,,2023-11-16T13:37:38.699454,1,1123137,18:43.1,0.15429925918579102,91.36569977,0.2078431397676468,0,4,4144,7.670987129211426,972.3765258789062,13.583213806152344,1625.890137,end Curve,,,,,,,,,,,,,,,,,,,,,,,2023-11-16T13:37:38.536682,1,1122975,0.5493248105049133,91.00403594970703,0.21424999833106995,0.0,4,4130.73583984375,-1.214999794960022,970.9532470703125,13.632898330688477,1622.0364990234375,,2.174888,0.919,-0.161167,1
2023-11-16T13:37:42.300632,1,1126740,0.5496538281440735,107.15361022949219,0.0,0.0,4,4824.36181640625,-0.08999999612569809,1000.9865112304688,12.337400436401367,1724.972900390625,,2023-11-16T13:37:44.359454,1,1128797,18:48.8,0.15479886531829834,102.19744110107422,0,0,4,4608.582031,2.068359375,1015.5814819335938,11.62004566192627,1782.9671630859375,right start,,2023-11-16T13:37:45.268454,1,1129706,18:49.7,0.5499154329299927,100.12059783935547,0,0,4,4508,-8.612668991,1020.5497436523438,11.313375473022461,1808.019287109375,end NoCar,,,,,,,,,,,,,,,,,,,,,,,2023-11-16T13:37:44.934614,1,1129371,0.5498865842819214,100.94554901123047,0.0,0.0,4,4546.17822265625,-10.664999008178711,1018.6182250976562,11.429402351379395,1798.8587646484375,,2.044966,0.909,-0.316115,1
2023-11-16T13:37:48.243714,1,1132680,0.5501672625541687,100.23851013183594,0.0,0.0,4,4515.53125,-0.35999998450279236,1042.123046875,10.32862663269043,1887.287353515625,,2023-11-16T13:37:49.661454,1,1134099,18:54.1,0.5502866506576538,96.87757110595703,0,0,4,4344.004883,2.699500560760498,1051.1829833984375,9.954428672790527,1925.062988,right start,,2023-11-16T13:37:50.500454,1,1134938,18:54.9,0.5503549575805664,94.81026458740234,0,0,4,4272,-12.4140625,1055.373291015625,9.872188568115234,1947.0028076171875,end,,,,,,,,,,,,,,,,,,,,,,,2023-11-16T13:37:50.785070,1,1135224,0.5503777265548706,94.05145263671875,0.0,0.0,4,4240.05126953125,-2.384999990463257,1057.211669921875,9.8716402053833,1954.2740478515625,,1.408305,0.839,0.300221,1
2023-11-16T13:37:55.017059,1,1139454,0.5507540702819824,106.21958923339844,0.0,0.0,4,4783.58203125,-2.249999761581421,1089.9656982421875,11.44265365600586,2072.434814453125,,2023-11-16T13:37:55.303454,1,1139741,18:59.7,0.550780177,105.14270782470703,0,0,4,4738.70166,-2.158203125,1092.483887,11.670205116271973,2080.483887,left start,,2023-11-16T13:37:56.834454,1,1141272,19:01.3,0.5509136915206909,99.45690155029297,0,0,4,4479.102539,0.6490464806556702,1105.9498291015625,12.989681243896484,2121.827392578125,end,,,,,,,,,,,,,,,,,,,,,,,2023-11-16T13:37:56.584777,1,1141023,0.5508919954299927,100.39810943603516,0.0,0.0,4,4520.94873046875,2.4749999046325684,1103.8585205078125,12.773634910583496,2115.233154296875,,0.255402,1.531,-0.221714,1
,,,,,,,,,,,,,,,,,,,,,,,,,,,,,,,,,,,,,,,,,,,,,,,,,
,,,,,,,,,,,,,,,,,,,,,,,,,,,,,,,,,,,,,,,,,,,,,,,,,
,,,,,,,,,,,,,,,,,,,,,,,,,,,,,,,,,,,,,,,,,,,,,,,,,
2023-11-16T13:41:37.943466,1,1362381,0.5243806838989258,113.69840240478516,0.0,0.0,4,5117.78125,-2.7899997234344482,5170.0341796875,10.170104026794434,-4349.93212890625,,2023-11-16T13:41:39.471454,1,1363909,22:43.9,0.5245301723480225,110.3809585571289,0,0,4,4969.161133,-8.046369553,5128.385742,8.963302612304688,-4326.975586,left start,,2023-11-16T13:41:40.290454,1,1364728,22:44.7,0.5246081948280334,108.65873718261719,0,0,4,4892,5.671749114990234,5107.520508,8.312042236328125,-4313.37207,end Curve,,,,,,,,,,,,,,,,,,,,,,,2023-11-16T13:41:40.676000,1,1365114,0.524644136428833,107.9066390991211,0.0,0.0,4,4859.5908203125,4.724999904632568,5097.72412109375,8.011123657226562,-4307.18798828125,,1.521823,0.819,0.407323,1
2023-11-16T13:41:53.626167,1,1378065,0.5259596109390259,93.4603042602539,0.0,0.0,4,4213.4052734375,0.6299999356269836,4745.07080078125,4.662713050842285,-4081.22314453125,,2023-11-16T13:41:57.279454,1,1381717,23:01.7,0.5262002944946289,59.92399215698242,0.32027187943458557,0,3,3961.17334,13.967916488647461,4680.014648,4.955867290496826,-4039.703125,right start,,2023-11-16T13:41:58.218454,1,1382656,23:02.7,0.5262548327445984,75.05410766601562,0,0,3,4864,22.81379508972168,4664.280273,5.044121265411377,-4031.770264,end jiko 2shasen,,,,,,,,,,,,,,,,,,,,,,,2023-11-16T13:42:00.961460,1,1385400,0.526419460773468,85.22964477539062,0.492000013589859,0.0,3,5698.64013671875,4.679999828338623,4617.80517578125,5.193752765655518,-4006.159912109375,,3.649145,0.939,2.77376,1
2023-11-16T13:42:04.242097,1,1388679,0.5266596674919128,79.96244049072266,0.047600001096725464,0.0,3,5202.458984375,-5.624999523162842,4553.86279296875,5.2104268074035645,-3963.27880859375,,2023-11-16T13:42:04.988454,1,1389426,23:09.4,0.5171266794204712,78.15579986572266,0.050980393,0,3,5084.62793,-6.170809269,4540.733398,5.203527927398682,-3953.425293,left start,,2023-11-16T13:42:05.947454,1,1390385,23:10.4,0.5267748832702637,80.2121582,0.4022272527217865,0,3,5348.543457,-2.74774003,4524.622559,5.187180042266846,-3940.257568,end 2shasen,,,,,,,,,,,,,,,,,,,,,,,2023-11-16T13:42:07.225479,1,1391664,0.5268732309341431,93.33907318115234,0.0,0.0,3,6056.849609375,6.929999828338623,4500.09130859375,5.144554138183594,-3919.95849609375,,0.719837,0.959,1.28228,1
2023-11-16T13:42:13.423901,1,1397862,0.5274034142494202,119.57964324951172,0.44440001249313354,0.0,4,5474.9208984375,-0.35999998450279236,4358.55126953125,5.2106218338012695,-3824.807861328125,,2023-11-16T13:42:15.219454,1,1399657,23:19.7,0.52760011,130.67665100097656,0.18039216101169586,0,4,5904,3.2058255672454834,4305.222168,5.2514872550964355,-3790.80835,right start,,2023-11-16T13:42:16.145454,1,1400583,23:20.6,0.5277040600776672,128.94186401367188,0,0,4,5796,-4.442373753,4276.326172,5.292896270751953,-3773.892334,end,,,,,,,,,,,,,,,,,,,,,,,2023-11-16T13:42:16.308516,1,1400745,0.527721643447876,128.3671417236328,0.0,0.0,4,5771.869140625,-3.2849996089935303,4271.400390625,5.297955513000488,-3770.84912109375,,1.773701,0.926,0.164621,1
2023-11-16T13:42:20.074651,1,1404513,0.5281224250793457,118.9830551147461,0.0,0.0,4,5353.71044921875,-0.8549998998641968,4163.64208984375,5.359236717224121,-3699.70263671875,,2023-11-16T13:42:22.888454,1,1407326,23:27.3,0.5284010767936707,112.93179321289062,0.3294117748737335,0,4,5144.621582,1.0302177667617798,4088.265625,5.426146030426025,-3651.114258,right start,,2023-11-16T13:42:23.604454,1,1408042,23:28.0,0.5284716486930847,117.80130004882812,0.38823530077934265,0,4,5383.480957,-7.19921875,4068.175537109375,5.526090621948242,-3640.040527,end,,,,,,,,,,,,,,,,,,,,,,,2023-11-16T13:42:24.075072,1,1408512,0.5285195708274841,121.25033569335938,0.3769499957561493,0.0,4,5530.4912109375,-5.21999979019165,4054.79443359375,5.624387741088867,-3631.985595703125,,2.806485,0.716,0.482836,1
2023-11-16T13:42:29.739838,1,1414179,0.5291378498077393,121.8216781616211,0.0,0.0,4,5479.35693359375,-0.13499999046325684,3888.11474609375,9.457849502563477,-3521.6884765625,,2023-11-16T13:42:31.671454,1,1416109,23:36.1,0.5293328762054443,114.1108169555664,0,0,4,5133.305176,-4.466150284,3836.163330078125,11.004264831542969,-3485.723145,left start,,2023-11-16T13:42:32.489454,1,1416927,23:36.9,0.5294118523597717,111.0763168334961,0,0,4,5000,5.3984375,3815.997314453125,11.497278213500977,-3469.991699,end,,,,,,,,,,,,,,,,,,,,,,,2023-11-16T13:42:32.827145,1,1417263,0.5294434428215027,109.92939758300781,0.0,0.0,4,4949.69482421875,5.399999618530273,3807.7646484375,11.680046081542969,-3463.781982421875,,1.902652,0.818,0.35903,1
2023-11-16T13:42:36.690504,1,1421130,0.5298056602478027,105.8618392944336,0.08330002427101135,0.0,4,4774.80712890625,0.17999999225139618,3710.1416015625,13.125855445861816,-3398.630126953125,,2023-11-16T13:42:38.729454,1,1423167,23:43.2,0.5299922823905945,109.39203643798828,0.25882354378700256,0,4,4955.283691,2.3738889694213867,3659.248535,13.35931396484375,-3366.259277,right start,,2023-11-16T13:42:39.744454,1,1424182,23:44.2,0.5300878882408142,109.1496582,0,0,4,4912,-4.451596737,3632.423095703125,13.352176666259766,-3350.69043,end,,,,,,,,,,,,,,,,,,,,,,,2023-11-16T13:42:39.523600,1,1423962,0.5300669074058533,109.77714538574219,0.0,0.0,4,4942.212890625,-6.0749993324279785,3638.1279296875,13.36373233795166,-3354.1884765625,,2.01574,1.015,-0.211945,1
2023-11-16T13:42:43.773506,1,1428210,0.5304608941078186,109.76434326171875,0.18250000476837158,0.0,4,4966.8642578125,1.034999966621399,3531.1064453125,12.334830284118652,-3284.6982421875,,2023-11-16T13:42:45.896454,1,1430334,23:50.3,0.530663788,112.37146759033203,0.1764705926179886,0,4,5084,-3.459720135,3477.222656,11.149088859558105,-3247.419189,left start,,2023-11-16T13:42:46.691454,1,1431129,23:51.1,0.13571229577064514,113.50804901123047,0.18431372940540314,0,4,5132.171875,5.89453125,3457.552246,10.596954345703125,-3232.061035,end,,,,,,,,,,,,,,,,,,,,,,,2023-11-16T13:42:47.139420,1,1431579,0.5307843089103699,114.752685546875,0.29760000109672546,0.0,4,5220.01611328125,4.364999294281006,3446.108642578125,10.289851188659668,-3223.609375,,2.112153,0.795,0.479694,1
2023-11-16T13:42:53.898841,1,1438335,0.5315783023834229,130.67176818847656,0.0,0.0,5,4604.33251953125,1.1699999570846558,3232.274169921875,4.888573169708252,-3081.2685546875,,2023-11-16T13:42:55.815454,1,1440253,24:00.3,0.5317904353141785,126.87698364257812,0,0,5,4468,5.832879543304443,3174.419677734375,3.4645791053771973,-3044.389648,right start,,2023-11-16T13:42:56.654454,1,1441092,24:01.1,0.5318809747695923,125.1963882446289,0,0,5,4412,-3.7991817,3148.923828,2.8597910404205322,-3029.797363,end,,,,,,,,,,,,,,,,,,,,,,,2023-11-16T13:42:57.023055,1,1441461,0.5319200158119202,124.61634063720703,0.05555000901222229,0.0,5,4396.78759765625,-3.239999771118164,3138.0322265625,2.585352659225464,-3023.13525390625,,1.907417,0.839,0.395609,1
2023-11-16T13:42:59.170224,1,1443609,0.5321464538574219,121.10279846191406,0.0,0.0,5,4269.13623046875,2.249999761581421,3077.036865234375,0.9913286566734314,-2982.406494140625,,2023-11-16T13:43:00.941454,1,1445379,24:05.4,0.5323282480239868,117.82968139648438,0,0,5,4155.791016,-4.752989292,3028.414794921875,-0.234320104,-2949.439453,left start,,2023-11-16T13:43:01.592454,1,1446030,24:06.0,0.5323933959007263,116.7805176,0,0,5,4116,8.140625,3011.86084,-0.700376272,-2936.178955,end,,,,,,,,,,,,,,,,,,,,,,,2023-11-16T13:43:02.823631,1,1447260,0.5325134992599487,110.09575653076172,0.0,0.12299999594688416,5,3867.33251953125,2.069999933242798,2980.058837890625,-1.5295383930206299,-2913.54931640625,,1.769651,0.651,1.232547,1
2023-11-16T13:43:03.690216,1,1448127,0.532592236995697,102.33101654052734,0.0,0.0,5,3613.282470703125,-0.9899999499320984,2958.66943359375,-1.978822112083435,-2899.621826171875,,2023-11-16T13:43:05.089454,1,1449527,24:09.5,0.5327138304710388,99.74398803710938,0,0,5,3522,6.649262428283691,2925.224121,-2.201836109,-2878.958984,right start,,2023-11-16T13:43:06.063454,1,1450501,24:10.5,0.5327963829040527,99.28582000732422,0.2687082290649414,0,4,4512,-3.257966995,2901.872802734375,-2.134377241,-2865.751953,end,,,,,,,,,,,,,,,,,,,,,,,2023-11-16T13:43:06.606483,1,1451043,0.5328429937362671,102.44007110595703,0.0,0.0,4,4611.99755859375,-2.6999998092651367,2888.949951171875,-2.106945276260376,-2857.747802734375,,1.384908,0.974,0.566455,1
2023-11-16T13:43:08.573078,1,1453011,0.5330114364624023,97.58189392089844,0.047600001096725464,0.0,4,4401.77099609375,-1.7999999523162842,2843.275390625,-2.0302395820617676,-2827.8642578125,,2023-11-16T13:43:09.946454,1,1454384,24:14.4,0.5331254005432129,97.81850433,0.424103707,0,4,4491.057129,-9.638390541,2813.177001953125,-1.99323833,-2806.516113,left start,,2023-11-16T13:43:10.593454,1,1455031,24:15.0,0.5331810116767883,102.0268555,0,0,4,4594.018555,13.1328125,2799.255859,-2.002331972,-2794.937988,end,,,,,,,,,,,,,,,,,,,,,,,2023-11-16T13:43:11.973921,1,1456410,0.5333003401756287,103.46258544921875,0.2817000150680542,0.0,4,4708.5419921875,-1.4399999380111694,2767.541259765625,-1.9616249799728394,-2772.656494140625,,1.362768,0.647,1.402151,1
2023-11-16T13:43:15.272738,1,1459710,0.5336028337478638,113.00121307373047,0.0,0.0,4,5086.5498046875,-1.529999852180481,2685.798828125,-1.8305188417434692,-2718.5478515625,,2023-11-16T13:43:16.451454,1,1460889,24:20.9,0.533715546,109.40644073486328,0,0,4,4924,-8.42043972,2655.975098,-1.760289907,-2697.625732,left start,,2023-11-16T13:43:17.483454,1,1461921,24:21.9,0.13878695666790009,106.29747772216797,0,0,4,4784.602539,6.637815952301025,2632.098388671875,-1.703171849,-2677.998047,end Curve,,,,,,,,,,,,,,,,,,,,,,,2023-11-16T13:43:19.089106,1,1463526,0.5339608788490295,116.26065826416016,0.5,0.0,4,5335.5087890625,-2.069999933242798,2594.107666015625,-1.5512820482254028,-2647.768798828125,,1.150509,1.032,1.638493,1
2023-11-16T13:43:22.123229,1,1466562,0.5342906713485718,125.88526153564453,0.0,0.0,4,5662.5078125,0.7199999690055847,2511.419921875,-1.1864216327667236,-2580.27099609375,,2023-11-16T13:43:23.859454,1,1468297,24:28.3,0.13944846391677856,119.85929870605469,0,0,4,5392,-3.922125101,2465.455566,-1.042903543,-2542.986816,right start,,2023-11-16T13:43:25.033454,1,1469471,24:29.5,0.5345918536186218,116.02906799316406,0,0,4,5223.356934,-3.734375,2435.154541015625,-0.988015711,-2519.304932,end,,,,,,,,,,,,,,,,,,,,,,,2023-11-16T13:43:25.157386,1,1469595,0.5346038341522217,115.69351959228516,0.0,0.0,4,5206.94677734375,-2.879999876022339,2432.085205078125,-0.9844089150428772,-2516.7744140625,,1.712277,1.174,0.145999,1
2023-11-16T13:43:29.023399,1,1473459,0.5349945425987244,117.64533233642578,0.0,0.0,4,5294.3837890625,-1.3499999046325684,2335.4345703125,-0.9668740630149841,-2434.708984375,,2023-11-16T13:43:30.747454,1,1475185,24:35.2,0.5351651906967163,112.23784637451172,0.028414624,0,4,5055.508301,5.471483231,2293.245361328125,-0.968125165,-2399.220703,right start,,2023-11-16T13:43:31.651454,1,1476089,24:36.1,0.5352518558502197,113.44967651367188,0.336179644,0,4,5174.90332,-5.335968971,2270.702148,-0.969410777,-2382.318848,end,,,,,,,,,,,,,,,,,,,,,,,2023-11-16T13:43:31.972655,1,1476411,0.5352829694747925,115.71661376953125,0.36900001764297485,0.0,4,5290.6787109375,-4.635000228881836,2262.693115234375,-0.9918265342712402,-2375.9423828125,,1.701442,0.904,0.335219,1
2023-11-16T13:43:34.643225,1,1479081,0.5355570912361145,118.67521667480469,0.0,0.0,4,5338.63134765625,1.034999966621399,2195.599609375,-3.861107349395752,-2317.712646484375,,2023-11-16T13:43:36.178454,1,1480616,24:40.6,0.5357114672660828,115.84700775146484,0,0,4,5212,-5.73710537,2157.990966796875,-5.888307571,-2284.817627,left start,,2023-11-16T13:43:37.067454,1,1481505,24:41.5,0.5357988476753235,114.2476577758789,0,0,4,5142.416016,9.832328796386719,2137.850341796875,-7.044270039,-2264.823975,end,,,,,,,,,,,,,,,,,,,,,,,2023-11-16T13:43:37.714134,1,1482150,0.5358614325523376,115.08568572998047,0.37299999594688416,0.0,4,5246.50634765625,3.5999999046325684,2122.9921875,-7.868369102478027,-2250.78173828125,,1.525623,0.889,0.669469,1
2023-11-16T13:43:46.974355,1,1491414,0.5370854139328003,162.24374389648438,0.0,0.0,5,5707.7568359375,-0.9899999499320984,1821.7816162109375,-19.722991943359375,-1991.2578125,,2023-11-16T13:43:49.426454,1,1493864,24:53.9,0.5374159216880798,153.73680114746094,0,0,5,5408,1.21484375,1739.750488,-19.89925003,-1921.726318,right start,,2023-11-16T13:43:50.266454,1,1494704,24:54.7,0.537524939,150.8350067138672,0,0,5,5308,-3.958821297,1711.631591796875,-19.81780434,-1900.008057,end,,,,,,,,,,,,,,,,,,,,,,,2023-11-16T13:43:50.111112,1,1494549,0.5375044941902161,151.43124389648438,0.0,0.0,5,5330.21630859375,-4.769999980926514,1716.7540283203125,-19.840843200683594,-1904.0643310546875,,2.422149,0.84,-0.12755,1
2023-11-16T13:43:52.345426,1,1496784,0.5377858877182007,144.10646057128906,0.0,0.0,5,5073.658203125,-0.7649999260902405,1646.460205078125,-19.565963745117188,-1845.197509765625,,2023-11-16T13:43:54.296454,1,1498734,24:58.7,0.5380207300186157,137.7166748046875,0,0,5,4851.77832,-1.789788008,1589.475830078125,-19.08975029,-1794.359131,left start,,2023-11-16T13:43:55.019454,1,1499457,24:59.5,0.5381044745445251,135.2636719,0,0,5,4767.18457,3.5250802040100098,1570.03125,-18.71921158,-1775.070068,end,,,,,,,,,,,,,,,,,,,,,,,2023-11-16T13:43:55.509127,1,1499946,0.5381600856781006,133.6871337890625,0.0,0.0,5,4706.3212890625,1.529999852180481,1556.74755859375,-18.443809509277344,-1762.5379638671875,,1.921458,0.723,0.51349,1
2023-11-16T13:44:01.677600,1,1506117,0.5389017462730408,142.1753692626953,0.0,0.0,5,5006.5537109375,0.7199999690055847,1373.8450927734375,-14.413827896118164,-1604.587890625,,2023-11-16T13:44:03.703454,1,1508141,25:08.1,0.5391408801078796,134.3673553466797,0,0,5,4732,1.3231096267700195,1314.267822265625,-12.34682178,-1554.731689,right start,,2023-11-16T13:44:04.549454,1,1508987,25:09.0,0.5392364859580994,131.23663330078125,0,0,5,4624,-4.13671875,1289.445801,-11.51557827,-1535.841553,end,,,,,,,,,,,,,,,,,,,,,,,2023-11-16T13:44:04.410073,1,1508847,0.53922039270401,131.80172729492188,0.0,0.0,5,4643.787109375,-4.139999866485596,1293.481689453125,-11.650557518005371,-1538.9779052734375,,2.019614,0.846,-0.120626,1
2023-11-16T13:44:05.376786,1,1509816,0.5393278002738953,128.27294921875,0.0,0.0,5,4520.76708984375,-3.419999599456787,1266.360107421875,-10.719826698303223,-1516.888427734375,,2023-11-16T13:44:06.627454,1,1511065,25:11.1,0.5394622683525085,123.88492584228516,0,0,5,4364,-2.923828125,1233.826416015625,-9.55773735,-1487.67041,left start,,2023-11-16T13:44:07.962454,1,1512400,25:12.4,0.53960067,119.81075286865234,0.19639579951763153,0,5,4240,1.934570313,1200.971923828125,-8.354318619,-1456.771118,end,,,,,,,,,,,,,,,,,,,,,,,2023-11-16T13:44:08.321318,1,1512759,0.5396369695663452,119.85804748535156,0.289650022983551,0.0,5,4255.62646484375,1.2599998712539673,1192.177001953125,-8.02883529663086,-1448.70751953125,,1.244277,1.335,0.365391,1
2023-11-16T13:44:10.320438,1,1514757,0.539848804473877,127.04141998291016,0.2102999985218048,0.0,5,4502.380859375,0.17999999225139618,1140.509033203125,-6.200822830200195,-1402.990966796875,,2023-11-16T13:44:12.536454,1,1516974,25:17.0,0.5400886535644531,125.75382232666016,0.1882352977991104,0,5,4448,-8.6328125,1084.9132080078125,-4.13301897,-1348.575195,left start,,2023-11-16T13:44:13.429454,1,1517867,25:17.9,0.14515705406665802,125.24279022216797,0.1882352977991104,0,5,4432,0.6106619238853455,1066.1817626953125,-3.389994621,-1323.692505,end Curve,,,,,,,,,,,,,,,,,,,,,,,2023-11-16T13:44:13.920652,1,1518357,0.5402363538742065,125.07270812988281,0.1904500126838684,0.0,5,4426.9609375,1.8899998664855957,1056.3857421875,-2.977066993713379,-1309.79736328125,,2.209628,0.893,0.513455,1
2023-11-16T13:44:22.971040,1,1527408,0.5413600206375122,149.5427703857422,0.0,0.0,5,5253.146484375,-2.744999885559082,943.3505859375,-1.058048963546753,-970.6226196289062,,2023-11-16T13:44:24.803454,1,1529241,25:29.2,0.14655433595180511,143.40977478027344,0,0,5,5048,3.283203125,942.1831665039062,-0.781178951,-896.0669556,right start,,2023-11-16T13:44:25.593454,1,1530031,25:30.0,0.5416847467422485,140.97283935546875,0,0,5,4962.097656,-6.552632809,940.1632080078125,-0.764007509,-864.9423828,end,,,,,,,,,,,,,,,,,,,,,,,2023-11-16T13:44:25.972537,1,1530411,0.541729748249054,139.81918334960938,0.0,0.0,5,4923.95849609375,-2.4749999046325684,939.5391845703125,-0.7882251143455505,-850.142333984375,,1.814243,0.79,0.382812,1
2023-11-16T13:44:32.320481,1,1536759,0.5424615144729614,127.05741882324219,0.0,0.0,5,4479.57373046875,1.7099997997283936,938.9266967773438,-0.7380362153053284,-611.54052734375,,2023-11-16T13:44:34.312454,1,1538750,25:38.8,0.5426719784736633,120.3641357421875,0,0,5,4244,-3.38428998,939.6621094,0.7272075414657593,-543.0797729,left start,,2023-11-16T13:44:35.075454,1,1539513,25:39.5,0.1477140188217163,117.67825317382812,0,0,5,4149.435547,4.771716117858887,941.4752197265625,1.4975204467773438,-517.9290161,end,,,,,,,,,,,,,,,,,,,,,,,2023-11-16T13:44:35.286420,1,1539723,0.5427698493003845,117.1670150756836,0.18250000476837158,0.0,5,4142.904296875,2.879999876022339,941.7780151367188,1.7168049812316895,-511.1107482910156,,1.967008,0.763,0.234813,1
2023-11-16T13:44:42.152919,1,1546590,0.5435407161712646,136.18771362304688,0.0,0.0,5,4797.54296875,-1.4399999380111694,949.026611328125,6.702859401702881,-260.0835266113281,,2023-11-16T13:44:43.790454,1,1548228,25:48.2,0.14869213104248047,131.2335662841797,0,0,5,4624,5.30859375,950.3660888671875,6.888820648193359,-199.2709351,right start,,2023-11-16T13:44:44.696454,1,1549134,25:49.1,0.5438277721405029,128.73890686035156,0,0,5,4536.203613,-3.859983921,949.0133666992188,6.865111351013184,-166.5484467,end Curve,,,,,,,,,,,,,,,,,,,,,,,2023-11-16T13:44:44.903241,1,1549341,0.5438499450683594,128.27589416503906,0.0,0.0,5,4514.55322265625,-1.2599998712539673,948.881591796875,6.84152364730835,-159.18637084960938,,1.637534,0.906,0.214214,1
2023-11-16T13:44:47.502561,1,1551942,0.544125497341156,120.73784637451172,0.0,0.0,5,4256.7119140625,2.069999933242798,948.4927368164062,6.4853315353393555,-69.35992431640625,,2023-11-16T13:44:48.265454,1,1552703,25:52.7,0.54420352,118.9970474243164,0,0,5,4192.147461,-2.02181673,947.7746582,6.382835865020752,-44.02124786,right start,,2023-11-16T13:44:49.657454,1,1554095,25:54.1,0.5443426966667175,115.73812103271484,0,0,5,4082,-7.428832054,944.8358764648438,6.201183319091797,1.2565035820007324,end Curve,,,,,,,,,,,,,,,,,,,,,,,2023-11-16T13:44:49.902622,1,1554339,0.5443663001060486,115.2290267944336,0.0,0.0,5,4062.7353515625,-5.5799994468688965,944.0950927734375,6.165766716003418,9.027332305908203,,0.738595,1.392,0.246224,1
2023-11-16T13:44:52.103900,1,1556541,0.5445783734321594,110.83159637451172,0.06350001692771912,0.0,5,3913.4169921875,2.9699997901916504,939.8914184570312,5.887815475463867,77.92974853515625,,2023-11-16T13:44:53.957454,1,1558395,25:58.4,0.5447505116462708,106.98208618164062,0,0,5,3774,-1.124969721,937.4953613,5.665616989135742,133.96543884277344,left start,,2023-11-16T13:44:54.658454,1,1559096,25:59.1,0.5448136329650879,105.545166,0,0,5,3727.404541015625,6.1570844650268555,938.3049316,5.580817699432373,154.62937927246094,end Curve,,,,,,,,,,,,,,,,,,,,,,,2023-11-16T13:44:54.968669,1,1559406,0.5448411107063293,104.94877624511719,0.0,0.0,5,3704.26220703125,3.5999999046325684,938.3759765625,5.544429779052734,163.684814453125,,1.82589,0.701,0.335941,1
2023-11-16T13:45:00.252284,1,1564689,0.5453692674636841,127.18053436279297,0.0,0.0,5,4480.58837890625,-1.1699999570846558,936.7505493164062,5.144674301147461,335.8994140625,,2023-11-16T13:45:02.982454,1,1567420,26:07.4,0.5456568598747253,119.9369888305664,0.055338457226753235,0,5,4232,-0.64988327,935.4899902,5.439755439758301,429.55902099609375,right start,,2023-11-16T13:45:04.002454,1,1568440,26:08.4,0.5457600951194763,118.52581787109375,0.16470588743686676,0,5,4192,-3.283203125,933.5368652,5.539426326751709,463.2325134277344,end,,,,,,,,,,,,,,,,,,,,,,,2023-11-16T13:45:04.153667,1,1568592,0.5457750558853149,118.55789947509766,0.17059999704360962,0.0,5,4193.8291015625,-3.1499998569488525,933.3894653320312,5.548981189727783,468.23419189453125,,2.724706,1.02,0.178937,1
2023-11-16T13:45:12.002945,1,1576440,0.5466009974479675,117.45767211914062,0.04365000128746033,0.0,5,4144.92333984375,0.9449999332427979,932.17529296875,6.372418403625488,737.4938354492188,,2023-11-16T13:45:14.260454,1,1578698,26:18.7,0.5468231439590454,113.9176025390625,0.16053812205791473,0,5,4026,-1.271046758,932.8433227539062,6.597429275512695,809.8735352,left start,,2023-11-16T13:45:15.059454,1,1579497,26:19.5,0.5469005703926086,114.29225158691406,0.2715997099876404,0,5,4056.515869140625,7.69140625,934.7711791992188,6.673333168029785,835.126709,end,,,,,,,,,,,,,,,,,,,,,,,2023-11-16T13:45:15.102365,1,1579539,0.5469043254852295,114.39068603515625,0.289650022983551,0.0,5,4065.796142578125,7.60499906539917,934.83740234375,6.678781509399414,836.4315185546875,,2.252462,0.799,0.065868,1
2023-11-16T13:45:20.067807,1,1584504,0.5474438071250916,128.6190643310547,0.0,0.0,5,4531.9921875,-0.5849999785423279,934.7944946289062,6.664844036102295,1012.4052734375,,2023-11-16T13:45:22.440454,1,1586878,26:26.9,0.5476981997489929,122.40345764160156,0.027450980618596077,0,5,4316,5.985474109649658,933.9698486328125,6.636829853057861,1095.2064208984375,right start,,2023-11-16T13:45:23.224454,1,1587662,26:27.7,0.5477790236473083,120.35729217529297,0.023529412,0,5,4245.799805,-5.8046875,931.9174194335938,6.864971638,1121.5714111328125,end,,,,,,,,,,,,,,,,,,,,,,,2023-11-16T13:45:23.019458,1,1587456,0.547757625579834,120.97444915771484,0.023800015449523926,0.0,5,4268.298828125,-5.804999828338623,932.4503784179688,6.791717529296875,1114.677490234375,,2.347149,0.784,-0.198638,1
2023-11-16T13:45:26.051583,1,1590489,0.5480585098266602,111.84767150878906,0.0,0.0,5,3946.835205078125,3.374999761581421,930.3748779296875,8.658865928649902,1212.7596435546875,,2023-11-16T13:45:27.643454,1,1592081,26:32.1,0.5482065081596375,106.47730255126953,0,0,5,3757.691162109375,5.350215911865234,931.8922729492188,10.153388977050781,1260.9530029296875,left start,,2023-11-16T13:45:28.608454,1,1593046,26:33.0,0.5482930541038513,103.66753387451172,0.15119098126888275,0,5,3665.035888671875,1.687833309173584,933.6774291992188,11.046361923217773,1289.036133,end Curve,,,,,,,,,,,,,,,,,,,,,,,2023-11-16T13:45:28.651308,1,1593090,0.5482962131500244,103.64749145507812,0.17059999704360962,0.0,5,3668.241455078125,1.7549998760223389,933.7357788085938,11.085127830505371,1290.279052734375,,1.559859,0.965,0.061112,1
2023-11-16T13:45:33.633238,1,1598070,0.548809289932251,131.58580017089844,0.0,0.0,5,4636.1474609375,-1.214999794960022,940.325439453125,14.356696128845215,1457.343017578125,,2023-11-16T13:45:35.730454,1,1600168,26:40.2,0.5490395426750183,125.76922607421875,0,0,5,4432,-0.235277981,948.2068481445312,14.504833221435547,1531.896728515625,right start,,2023-11-16T13:45:36.425454,1,1600863,26:40.9,0.5491132736206055,124.10157012939453,0,0,5,4372,-5.7578125,950.4228516,14.377375602722168,1555.916016,end Curve,,,,,,,,,,,,,,,,,,,,,,,2023-11-16T13:45:36.500856,1,1600938,0.5491208434104919,123.9354019165039,0.0,0.0,5,4368.60693359375,-5.759999752044678,950.72265625,14.359966278076172,1558.462158203125,,2.085485,0.695,0.099601,1
2023-11-16T13:45:40.501737,1,1604940,0.5495268106460571,115.46111297607422,0.0,0.0,5,4049.1416015625,6.164999961853027,983.3433227539062,12.837634086608887,1686.9525146484375,,2023-11-16T13:45:40.883454,1,1605321,26:45.3,0.54956454,114.6897201538086,0,0,5,4044,-1.217274547,986.7062988,12.690062522888184,1698.667236328125,left start,,2023-11-16T13:45:42.457454,1,1606895,26:46.9,0.5497161149978638,111.57170104980469,0,0,5,3936,8.689070701599121,1001.9697875976562,12.09557056427002,1745.701416015625,end,,,,,,,,,,,,,,,,,,,,,,,2023-11-16T13:45:43.200230,1,1607637,0.5497856736183167,110.19768524169922,0.0,0.0,5,3886.731201171875,5.039999485015869,1009.3566284179688,11.824727058410645,1767.2958984375,,0.37746,1.574,0.768148,1
2023-11-16T13:45:48.049825,1,1612488,0.5502911806106567,140.63739013671875,0.24994999170303345,0.0,5,5006.19677734375,1.0799999237060547,1052.6737060546875,9.9457368850708,1926.301513671875,,2023-11-16T13:45:49.763454,1,1614201,26:54.2,0.5504940152168274,136.04580688476562,0,0,5,4788.630371,-5.30859375,1071.0797119140625,10.028755187988281,1989.680176,left start,,2023-11-16T13:45:50.544454,1,1614982,26:55.0,0.15554168820381165,133.67230224609375,0.18395879864692688,0,5,4724,7.297194004058838,1080.736328,10.350634574890137,2017.273681640625,end,,,,,,,,,,,,,,,,,,,,,,,2023-11-16T13:45:51.284959,1,1615722,0.5506678223609924,135.84205627441406,0.40470001101493835,0.0,5,4848.447265625,1.9799998998641968,1088.879638671875,10.814823150634766,2043.6231689453125,,1.713103,0.781,0.766204,1
2023-11-16T13:45:54.181860,1,1618620,0.5510085821151733,134.2499542236328,0.0,0.0,5,4729.62255859375,-0.4949999749660492,1118.728271484375,13.97008991241455,2150.467529296875,,2023-11-16T13:45:55.756454,1,1620194,27:00.2,0.15614637732505798,128.09640502929688,0,0,5,4510.617676,-0.034345105,1132.693603515625,15.779133796691895,2206.051513671875,right start,,2023-11-16T13:45:56.373454,1,1620811,27:00.8,0.5512514710426331,125.75511169433594,0,0,5,4432,-7.759428024,1136.676513671875,16.46575355529785,2227.442383,end,,,,,,,,,,,,,,,,,,,,,,,2023-11-16T13:45:56.649404,1,1621089,0.5512807369232178,124.73623657226562,0.0,0.0,5,4396.55859375,-4.09499979019165,1138.6656494140625,16.763874053955078,2236.88037109375,,1.56701,0.617,0.306908,1
2023-11-16T13:46:00.366281,1,1624803,0.5516770482063293,127.35731506347656,0.0,0.0,5,4488.0751953125,-1.214999794960022,1173.0430908203125,20.83851432800293,2361.298583984375,,2023-11-16T13:46:02.699454,1,1627137,27:07.1,0.5519224405288696,119.47428131103516,0,0,5,4208,5.181664467,1193.470458984375,22.83843421936035,2438.52832,right start,,2023-11-16T13:46:03.652454,1,1628090,27:08.1,0.5520182251930237,116.99884033203125,0,0,5,4124,-4.8125,1199.8902587890625,22.956356048583984,2469.145263671875,end,,,,,,,,,,,,,,,,,,,,,,,2023-11-16T13:46:03.966436,1,1628403,0.5520489811897278,116.29857635498047,0.0,0.0,5,4100.177734375,-2.4749999046325684,1202.30615234375,22.907669067382812,2478.9814453125,,2.301887,0.953,0.342693,1
2023-11-16T13:46:12.149763,1,1636587,0.552882194519043,116.21882629394531,0.0,0.0,5,4098.55322265625,3.194999933242798,1273.9359130859375,14.661900520324707,2740.717041015625,,2023-11-16T13:46:13.945454,1,1638383,27:18.4,0.5530587434768677,113.97895050048828,0,0,5,4014.131348,-2.384132385,1290.6231689453125,12.748659133911133,2795.630615234375,left start,,2023-11-16T13:46:14.710454,1,1639148,27:19.1,0.5531326532363892,113.0670394897461,0,0,5,3984.128173828125,1.7577632665634155,1298.8155517578125,11.939650535583496,2818.306396484375,end,,,,,,,,,,,,,,,,,,,,,,,2023-11-16T13:46:15.119133,1,1639557,0.553171694278717,112.58661651611328,0.0,0.0,5,3971.274658203125,5.444999694824219,1302.93017578125,11.517217636108398,2830.43701171875,,1.779241,0.765,0.433272,1
2023-11-16T13:46:18.235067,1,1642674,0.5534740686416626,116.32764434814453,0.0,0.0,5,4102.86376953125,-4.229999542236328,1329.7939453125,8.238903045654297,2925.156982421875,,2023-11-16T13:46:19.995454,1,1644433,27:24.4,0.5536470413208008,113.70026397705078,0,0,5,4010,4.280243873596191,1349.0511474609375,6.794671058654785,2977.942871,right start,,2023-11-16T13:46:20.842454,1,1645280,27:25.3,0.5537282824516296,112.19779968261719,0,0,5,3959.129638671875,-9.9375,1358.114013671875,6.329009532928467,3002.945313,end Curve,,,,,,,,,,,,,,,,,,,,,,,2023-11-16T13:46:21.066356,1,1645503,0.5537490844726562,111.711669921875,0.0,0.0,5,3941.664794921875,-9.854999542236328,1360.728515625,6.236602306365967,3009.341796875,,1.743287,0.847,0.244065,1
2023-11-16T13:46:25.432347,1,1649871,0.5541572570800781,106.74205780029297,0.0,0.0,5,3765.78076171875,-1.034999966621399,1433.04736328125,5.559974193572998,3120.88525390625,,2023-11-16T13:46:27.410454,1,1651848,27:31.8,0.5543339252471924,102.78849792480469,0.21729063987731934,0,5,3639.61377,-8.716974258,1473.3328857421875,5.384057521820068,3161.830322265625,left start,,2023-11-16T13:46:28.402454,1,1652840,27:32.8,0.554423451,110.55585479736328,0.65882355,0,5,3977.174316,0.034256831,1496.4217529296875,5.290269374847412,3179.681396484375,end Curve,,,,,,,,,,,,,,,,,,,,,,,2023-11-16T13:46:28.998704,1,1653435,0.5544812083244324,116.96099853515625,0.5156000256538391,0.0,5,4191.9833984375,-0.08999999612569809,1511.4923095703125,5.22825288772583,3190.922607421875,,1.974211,0.992,0.625455,1
