timestamp,lapCount,lapTime ms,lapTime str,distance,speed,throttle,brake,gear,RPM,steer,x,y,z,description,,timestamp,lapCount,lapTime ms,lapTime str,distance,speed,throttle,brake,gear,RPM,steer,x,y,z,description,,,,,,,,,,,,,,,,,,,,,,,,,,,,,,,
2023-11-29T15:05:13.391321,1,149703,02:29.7,0,82.98153686523438,0,0,3,5391.843262,-5.12890625,4955.353027,4.891799449920654,-4223.843262,left start,,2023-11-29T15:05:14.544321,1,150856,02:30.9,0,79.03957367,0,0,3,5132.395996,20.252948760986328,4934.716797,4.803309917449951,-4208.118164,end
2023-11-29T15:05:20.303321,1,156615,02:36.6,0,99.58328247070312,0,0,3,6452.666016,12.705815315246582,4819.936523,4.595536231994629,-4132.439453,right start,,2023-11-29T15:05:21.456321,1,157768,02:37.8,0,94.41538239,0,0,3,6121.311523,-8.711564064,4793.035156,4.668231010437012,-4116.986328,end
2023-11-29T15:05:40.175321,1,176487,02:56.5,0,79.42701721191406,0,0,3,5161.480469,1.0613874197006226,4404.207031,5.249840736,-3860.786133,right start,,2023-11-29T15:05:41.937321,1,178249,02:58.2,0,75.30625153,0.078431375,0,3,4907.635254,-1.561933279,4371.789551,5.295228481292725,-3841.515137,end
2023-11-29T15:05:52.651321,1,188963,03:09.0,0,106.50398254394531,0,0,4,4796,-12.0546875,4143.123047,5.4114155769348145,-3689.478516,left start,,2023-11-29T15:05:53.479321,1,189791,03:09.8,0,104.10749816894531,0,0,4,4685.731445,15.960585594177246,4124.07959,5.393448352813721,-3674.526123,end
2023-11-29T15:06:07.945321,1,204257,03:24.3,0,108.30845642089844,0.18447580933570862,0,4,4849.983887,9.252709389,3785.218505859375,12.142355918884277,-3449.843994,right start,,2023-11-29T15:06:08.989321,1,205301,03:25.3,0,105.5898666381836,0,0,4,4752,-2.567646742,3758.318603515625,12.60222053527832,-3434.227295,end
2023-11-29T15:06:13.963321,1,210275,03:30.3,0,95.64855957,0.070588239,0,4,4316,-7.116611958,3643.576904296875,13.373805046081543,-3357.861084,left start,,2023-11-29T15:06:17.219321,1,213531,03:33.5,0,92.66882324,0.16963736712932587,0,4,4196,2.548323154449463,3574.053711,12.88653278,-3309.468262,end heta nashikana
2023-11-29T15:06:31.452321,1,227764,03:47.8,0,112.57424926757812,0.11372549086809158,0,4,5084,-0.596079767,3213.022705078125,4.390929222106934,-3067.971924,left start,,2023-11-29T15:06:34.139321,1,230451,03:50.5,0,107.06866455078125,0,0,4,4820,0.3360256552696228,3145.778076171875,2.6097002029418945,-3020.969238,end
2023-11-29T15:06:38.352321,1,234664,03:54.7,0,100.45023345947266,0,0,4,4524,5.028780937194824,3044.386962890625,0.014749756082892418,-2953.866699,right start,,2023-11-29T15:06:39.355321,1,235667,03:55.7,0,98.50489044189453,0,0,4,4436,-11.64361668,3020.294434,-0.529571354,-2940.179932,end
2023-11-29T15:06:43.931321,1,240243,04:00.2,0,92.46083832,0.062745102,0,4,4172,-3.955059052,2919.827637,-2.21734786,-2873.26416,left start,,2023-11-29T15:06:45.293321,1,241605,04:01.6,0,90.53624725341797,0.062745102,0,4,4086.273438,6.267758846282959,2892.151611328125,-2.201214552,-2852.454102,end
2023-11-29T15:07:19.460321,1,275772,04:35.8,0,97.95117188,0,0,4,4420,10.284789085388184,2150.594238,-6.477470875,-2271.547363,right start,,2023-11-29T15:07:20.313321,1,276625,04:36.6,0,96.88149261,0,0,4,4365.896973,-8.349387169,2131.902099609375,-7.40881443,-2258.013916,end
2023-11-29T15:07:27.730321,1,284042,04:44.0,0,90.60569,0.05882353,0,4,4088.121826171875,9.390354156,1985.88916,-15.18183327,-2134.053711,right start,,2023-11-29T15:07:29.340321,1,285652,04:45.7,0,90.58457184,0.070588239,0,4,4092,0.5944693684577942,1954.029541015625,-16.82211113,-2109.061279,end
2023-11-29T15:07:39.983321,1,296295,04:56.3,0,92.11956787109375,0,0,4,4152,-5.865327358,1741.5084228515625,-19.90103531,-1925.521362,left start,,2023-11-29T15:07:41.694321,1,298006,04:58.0,0,90.75090789794922,0.22745098173618317,0,4,4120,1.735461711883545,1710.130859,-19.81009293,-1896.030029,end
2023-11-29T15:08:12.425321,1,328737,05:28.7,0,93.25592803955078,0.125490203,0,4,4217.46875,-3.719609261,1059.891113,-3.089261293,-1318.985718,left start,,2023-11-29T15:08:16.951321,1,333263,05:33.3,0,85.04827880859375,0.13333334028720856,0,4,3848,-2.11328125,1001.6053466796875,-1.717393279,-1223.600342,end Curve
2023-11-29T15:08:43.396321,1,359708,05:59.7,0,67.26395416259766,0.14901961386203766,0,3,4400,-8.711921692,941.4665527,0.11977998167276382,-566.770752,right start,,2023-11-29T15:08:47.226321,1,363538,06:03.5,0,74.22270965576172,0.3764705955982208,0,3,4918.654297,-7.333434582,939.2942504882812,2.261270046234131,-494.4032288,end heta
2023-11-29T15:08:52.537321,1,368849,06:08.8,0,97.93465423583984,0,0,4,4408.881836,1.0845160484313965,942.4236450195312,5.783178806304932,-356.1251526,left start,,2023-11-29T15:08:54.212321,1,370524,06:10.5,0,93.55453491210938,0.10588235408067703,0,4,4229.63623,1.592592477798462,946.2391967773438,6.361111164093018,-311.8887939,end
2023-11-29T15:09:02.464321,1,378776,06:18.8,0,77.50464630126953,0,0,1,4602.636719,4.416988372802734,951.2125244140625,6.6568427085876465,-112.9169006,right start,,2023-11-29T15:09:03.447321,1,379759,06:19.8,0,74.12387848,0,0,3,4819.521484,-2.778315306,949.3193359,6.578498840332031,-92.31867218,end SlightCurve
2023-11-29T15:09:09.774321,1,386086,06:26.1,0,95.78726959228516,0.20000000298023224,0,3,6272,8.930326461791992,944.1623535,5.986112594604492,54.19703674316406,right start,,2023-11-29T15:09:11.284321,1,387596,06:27.6,0,101.96754455566406,0.2705882489681244,0,3,6702.208496,-6.764349937,939.5576782226562,5.823254108428955,95.26861572265625,end SlightCurve hantei bimyou nanode tukaitaku nai
2023-11-29T15:09:26.092321,1,402404,06:42.4,0,103.21189880371094,0,0,4,4648,-4.552967072,933.5358887,5.762268543243408,537.9947509765625,left start,,2023-11-29T15:09:28.309321,1,404621,06:44.6,0,99.39934539794922,0.18431372940540314,0,4,4500,1.0247156620025635,935.2816772460938,5.956286430358887,599.8540649414062,end heta
2023-11-29T15:09:46.371321,1,422683,07:02.7,0,105.47196960449219,0.125490203,0,4,4760,-1.439883471,935.6055908203125,7.110551357269287,1140.739746,left start,,2023-11-29T15:09:47.887321,1,424199,07:04.2,0,107.5564956665039,0.24705882370471954,0,4,4883.04541,4.09375,937.4312744140625,7.955273151397705,1185.3428955078125,end
2023-11-29T15:10:10.151321,1,446463,07:26.5,0,103.20258331298828,0,0,4,4647.887207,3.549558162689209,1040.6810302734375,10.490911483764648,1873.418945,right start,,2023-11-29T15:10:11.962321,1,448274,07:28.3,0,98.98529815673828,0.071244702,0,4,4475.16748,-2.51953125,1052.4598388671875,9.968611717224121,1922.9053955078125,end
2023-11-29T15:10:18.489321,1,454801,07:34.8,0,115.39736938476562,0.239215687,0,4,5232,7.426057339,1102.887207,12.64299488067627,2111.255615234375,right start,,2023-11-29T15:10:19.973321,1,456285,07:36.3,0,117.84368896484375,0.239215687,0,4,5348,-1.799804688,1113.8812255859375,14.163058280944824,2158.030273,end
2023-11-29T15:10:41.357321,1,477669,07:57.7,0,107.9156723022461,0,0,4,4858.164551,4.868879795074463,1294.538086,12.25213337,2809.818359,left start,,2023-11-29T15:10:42.211321,1,478523,07:58.5,0,106.40302276611328,0.027450980618596077,0,4,4794.560547,4.737196922302246,1303.063965,11.41100025177002,2833.736816,end
2023-11-29T15:10:58.815321,1,495127,08:15.1,0,107.53739929199219,0.16862745583057404,0,4,4864,-4.349158764,1562.3306884765625,4.727362155914307,3229.519287109375,right start,,2023-11-29T15:11:00.328321,1,496640,08:16.6,0,109.20738983154297,0.16470588743686676,0,4,4940,-3.45133543,1599.453369140625,3.7894740104675293,3255.894043,end Curve
2023-11-29T15:11:06.057321,1,502369,08:22.4,0,117.62471008300781,0.15294118225574493,0,4,5312,-0.944824219,1755.6922607421875,-2.924623251,3346.412353515625,left start,,2023-11-29T15:11:07.766321,1,504078,08:24.1,0,119.50879669189453,0.1568627506494522,0,4,5400,9.960053443908691,1805.6715087890625,-5.124944687,3372.266357421875,end uinka- heta
2023-11-29T15:11:25.954321,1,522266,08:42.3,0,106.2888412475586,0,0,4,4784,-3.342854023,2331.332763671875,-7.463931561,3666.999755859375,left start,,2023-11-29T15:11:28.448321,1,524760,08:44.8,0,99.9329834,0,0,4,4504,1.979492188,2394.467773,-7.819719791,3700.398193359375,end
2023-11-29T15:11:32.269321,1,528581,08:48.6,0,90.63240814208984,0,0,4,4084.830810546875,4.324967861175537,2482.438965,-7.974677086,3750.177734,right start,,2023-11-29T15:11:34.314321,1,530626,08:50.6,0,86.32070922851562,0.027450980618596077,0,4,3894.242676,3.915369987487793,2525.204345703125,-8.125626564,3776.42041,end
2023-11-29T15:11:56.910321,1,553222,09:13.2,0,107.9635009765625,0.12327460944652557,0,4,4878.859863,5.4237113,3042.397705078125,-4.100567341,4087.822998046875,left start,,2023-11-29T15:11:58.651321,1,554963,09:15.0,0,102.08963012695312,0,0,4,4596,4.479337215423584,3083.288574,-3.124206543,4117.95459,end Curve
2023-11-29T15:12:04.465321,1,560777,09:20.8,0,84.31908416748047,0,0,4,3804.092529296875,1.2847630977630615,3194.187255859375,-0.307250351,4218.87207,right start,,2023-11-29T15:12:06.359321,1,562671,09:22.7,0,81.02620697021484,0.1764705926179886,0,4,3676.402344,1.3134690523147583,3222.878418,0.28071317076683044,4251.160645,end Curve
2023-11-29T15:12:12.320321,1,568632,09:28.6,0,89.77539825439453,0.20000000298023224,0,4,4071.203125,-1.466147065,3314.679931640625,1.0569885969161987,4357.849609,left start,,2023-11-29T15:12:13.498321,1,569810,09:29.8,0,91.53555297851562,0.20392157137393951,0,4,4156.704102,6.710687160491943,3334.221435546875,1.1483502388000488,4380.206055,end Curve
2023-11-29T15:12:28.119321,1,584431,09:44.4,0,116.21997833251953,0.125490203,0,4,5244,-0.08996582,3575.682129,2.543816566467285,4746.770996,right start,,2023-11-29T15:12:29.631321,1,585943,09:45.9,0,114.82622528076172,0.125490203,0,4,5184,-0.021930441,3600.244629,2.7062273025512695,4788.598633,end
2023-11-29T15:13:01.303321,1,617615,10:17.6,0,121.84024047851562,0.1882352977991104,0,4,5508,-2.534483671,4134.67334,1.831705093383789,5625.149414,left start,,2023-11-29T15:13:02.501321,1,618813,10:18.8,0,122.45222473144531,0.1725490242242813,0,4,5536,2.659203529,4158.136719,1.7280383110046387,5658.415527,end
2023-11-29T15:13:21.757321,1,638069,10:38.1,0,117.10169219970703,0,0,4,5268,2.2478041648864746,4499.009766,-0.582974911,6233.788574,right start,,2023-11-29T15:13:23.422321,1,639734,10:39.7,0,113.64179229736328,0,0,4,5100,-2.753089666,4516.413574,-2.276315928,6284.140137,end Curve
2023-11-29T15:13:28.739321,1,645051,10:45.1,0,105.58322143554688,0.10980392247438431,0,4,4769.056641,-0.397006094,4562.362305,-7.425588131,6438.074219,left start,,2023-11-29T15:13:29.597321,1,645909,10:45.9,0,105.6754379272461,0.10980392247438431,0,4,4770.212402,9.169367790222168,4569.603516,-8.227402687,6462.178223,end Curve
2023-11-29T15:13:53.842321,1,670154,11:10.2,0,112.74717712402344,0,0,4,5072,0.2784035801887512,4509.019531,-22.90333939,7255.741211,right start,,2023-11-29T15:13:55.147321,1,671459,11:11.5,0,108.6850814819336,0,0,4,4892.916016,0.42168283462524414,4497.797852,-22.77908897,7294.275879,end NoCar
2023-11-29T15:14:08.304321,1,684616,11:24.6,0,108.4187240600586,0,0,4,4876.379395,2.042884588241577,4401.306152,-22.72072601,7692.370605,left start,,2023-11-29T15:14:09.469321,1,685781,11:25.8,0,105.20628356933594,0,0,4,4736,3.419921875,4394.977539,-22.85645485,7726.32666,end
2023-11-29T15:14:26.799321,1,703111,11:43.1,0,101.16117095947266,0.078431375,0,4,4564,7.969281196594238,4263.369629,-15.69598961,8241.047852,right start,,2023-11-29T15:14:28.250321,1,704562,11:44.6,0,98.66515350341797,0.14901961386203766,0,4,4464,4.72265625,4248.099121,-14.2565155,8278.195313,end Curve
2023-11-29T15:14:30.850321,1,707162,11:47.2,0,104.84376525878906,0.27450981736183167,0,4,4771.884277,1.529296875,4218.583984,-11.95143127,8344.62793,right start,,2023-11-29T15:14:34.249321,1,710561,11:50.6,0,116.55648040771484,0.27843138575553894,0,4,5294.241211,-4.123474121,4168.086426,-9.301230431,8436.076172,end Curve
2023-11-29T15:15:01.130321,1,737442,12:17.4,0,115.9808120727539,0,0,4,5216,3.265123128890991,3576.124023,-16.66361809,9039.302734,right start,,2023-11-29T15:15:03.462321,1,739774,12:19.8,0,114.4710693359375,0.15294118225574493,0,4,5172,-2.188862324,3512.51123,-18.69450378,9077.452148,end
2023-11-29T15:15:20.516321,1,756828,12:36.8,0,70.6097641,0,0,3,4591.769043,-2.643927336,3136.825439453125,-22.0173378,9316.523438,left start,,2023-11-29T15:15:22.332321,1,758644,12:38.6,0,69.01657104492188,0.18039216101169586,0,3,4520.524902,1.6899079084396362,3108.607422,-22.17997742,9336.822266,end
2023-11-29T15:15:35.441321,1,771753,12:51.8,0,109.81366729736328,0,0,4,4944,0.5070899128913879,2802.035888671875,-23.85903358,9531.467773,right start,,2023-11-29T15:15:36.785321,1,773097,12:53.1,0,105.78231048583984,0,0,4,4761.52832,-3.948389053,2767.139404296875,-23.72488403,9551.491211,end NoCar
2023-11-29T15:15:48.763321,1,785075,13:05.1,0,99.35123443603516,0,0,4,4479.374512,-1.074868441,2453.475830078125,-14.08918285,9741.496094,left start,,2023-11-29T15:15:49.866321,1,786178,13:06.2,0,95.93303680419922,0.10087861120700836,0,4,4332,5.89453125,2428.099121,-13.16781044,9757.251953,end SlightCurve
2023-11-29T15:16:02.961321,1,799273,13:19.3,0,105.77919006347656,0,0,4,4761.330566,1.18411386,2063.953125,-0.55874747,9940.46875,right start,,2023-11-29T15:16:04.820321,1,801132,13:21.1,0,103.37332153320312,0.32549020648002625,0,4,4718.595215,-0.899902344,2015.4190673828125,0.8356514573097229,9962.556641,end
2023-11-29T15:16:15.379321,1,811691,13:31.7,0,110.48789978027344,0,0,4,4972,-4.569962502,1704.0697021484375,5.100925445556641,10118.3584,left start,,2023-11-29T15:16:16.362321,1,812674,13:32.7,0,107.44597625732422,0,0,4,4839.593262,8.003441811,1678.3677978515625,5.199098110198975,10133.36426,end
2023-11-29T15:16:20.243321,1,816555,13:36.6,0,96.62673950195312,0,0,4,4352.566895,-8.294852257,1580.7633056640625,5.564612865447998,10183.875,left start,,2023-11-29T15:16:21.194321,1,817506,13:37.5,0,94.08828735351562,0,0,4,4240,10.371613502502441,1559.222656,5.645885944366455,10196.88574,end
,,,,,,,,,,,,,,,,,,,,,,,,,,,,
,,,,,,,,,,,,,,,,,,,,,,,,,,,,
,,,,,,,,,,,,,,,,,,,,,,,,,,,,
2023-11-29T15:22:27.150321,1,1183462,19:43.5,0,109.99134063720703,0.16078431904315948,0,4,4974.733887,4.817033290863037,4949.263184,4.900410175323486,-4222.082031,right start,,2023-11-29T15:22:28.036321,1,1184348,19:44.3,0,110.09752655029297,0.1568627506494522,0,4,4976,-1.446233869,4925.614258,4.875450611114502,-4208.869141,end
2023-11-29T15:22:38.756321,1,1195068,19:55.1,0,109.90319061279297,0,0,4,4947.883301,-3.82421875,4640.400879,5.144368648529053,-4019.631836,left start,,2023-11-29T15:22:39.884321,1,1196196,19:56.2,0,106.66626739501953,0,0,4,4804,7.109375,4613.254883,5.1383256912231445,-3999.281738,end
2023-11-29T15:22:48.291321,1,1204603,20:04.6,0,111.38810729980469,0,0,4,5012,-1.952330112,4394.83252,5.228081703186035,-3852.372559,left start,,2023-11-29T15:22:51.294321,1,1207606,20:07.6,0,112.39875793457031,0.3019607961177826,0,4,5119.311035,0.21721971035003662,4320.023438,5.244684696,-3800.471191,end heta
2023-11-29T15:22:54.163321,1,1210475,20:10.5,0,120.66313934326172,0.2078431397676468,0,4,5463.29834,1.5214195251464844,4241.837402,5.284525394439697,-3748.706299,right start,,2023-11-29T15:22:56.613321,1,1212925,20:12.9,0,124.44056701660156,0.2235294133424759,0,4,5636,-0.08996582,4171.381348,5.350307464599609,-3704.184326,end
2023-11-29T15:23:01.281321,1,1217593,20:17.6,0,115.66030883789062,0,0,4,5204,-1.143377185,4039.081298828125,5.731109619140625,-3616.231445,left start,,2023-11-29T15:23:02.687321,1,1218999,20:19.0,0,111.66761779785156,0.22745098173618317,0,4,5056,-0.135670125,4003.303955078125,6.255950927734375,-3590.209961,end
2023-11-29T15:23:25.842321,1,1242154,20:42.2,0,108.94055938720703,0,0,4,4907.709961,-2.564453125,3364.939453,8.16738224,-3166.683838,right start,,2023-11-29T15:23:26.770321,1,1243082,20:43.1,0,106.97257995605469,0,0,4,4816,-7.868278503,3340.787841796875,7.611619949,-3152.870361,end
2023-11-29T15:23:28.716321,1,1245028,20:45.0,0,102.94569396972656,0,0,4,4636,-1.709960938,3293.609130859375,6.420823097229004,-3121.424072,left start,,2023-11-29T15:23:30.408321,1,1246720,20:46.7,0,99.69044494628906,0,0,4,4492,6.052563190460205,3255.069091796875,5.3904643058776855,-3093.462402,end renzoku gimi
2023-11-29T15:23:44.752321,1,1261064,21:01.1,0,106.42011260986328,0,0,4,4792,4.0135674476623535,2884.469970703125,-2.184548616,-2847.707764,right start,,2023-11-29T15:23:46.522321,1,1262834,21:02.8,0,101.85604095458984,0.023529412,0,4,4589.030762,4.2734375,2840.852539,-2.088131189,-2821.004395,end
2023-11-29T15:23:49.682321,1,1265994,21:06.0,0,99.73496246,0.13725490868091583,0,4,4508,0.179931641,2767.76123,-1.969658613,-2772.359863,left start,,2023-11-29T15:23:51.776321,1,1268088,21:08.1,0,99.41529083251953,0.13725490868091583,0,4,4492.011719,7.6015625,2720.650879,-1.920532465,-2738.682861,end
2023-11-29T15:24:05.345321,1,1281657,21:21.7,0,64.83560180664062,0.1084778755903244,0,3,4233.352539,2.985236167907715,2437.775146484375,-0.99006784,-2519.183838,right start,,2023-11-29T15:24:06.651321,1,1282963,21:23.0,0,72.28796387,0.40392157435417175,0,3,4828.059082,-7.931384563,2418.28418,-0.963870406,-2504.88916,end
2023-11-29T15:24:11.431321,1,1287743,21:27.7,0,88.80186462402344,0,0,3,5762.646973,-1.439453125,2327.372802734375,-0.96890229,-2426.361084,left start,,2023-11-29T15:24:13.377321,1,1289689,21:29.7,0,98.41046905517578,0.3607843220233917,0,3,6508.596191,4.749145508,2291.398438,-0.964661241,-2392.79126,end
2023-11-29T15:24:19.501321,1,1295813,21:35.8,0,107.79373931884766,0,0,4,4857.463867,2.6696057319641113,2150.858887,-6.462879658,-2271.790527,right start,,2023-11-29T15:24:20.789321,1,1297101,21:37.1,0,105.85417938232422,0,0,4,4767.060547,-6.286782265,2120.769531,-8.006291389,-2248.281006,end
2023-11-29T15:24:22.928321,1,1299240,21:39.2,0,102.85071563720703,0,0,4,4632.661133,-4.467974663,2073.942626953125,-10.52080154,-2207.709717,left start,,2023-11-29T15:24:24.140321,1,1300452,21:40.5,0,101.26544952392578,0,0,4,4560,9.879697799682617,2049.266113,-11.91298389,-2183.851074,end
2023-11-29T15:24:35.151321,1,1311463,21:51.5,0,99.57523345947266,0,0,4,4485.258301,-3.419921875,1808.4852294921875,-19.77786064,-1976.416016,right start,,2023-11-29T15:24:37.281321,1,1313593,21:53.6,0,95.48835754394531,0.15294118225574493,0,4,4316,-2.982214689,1763.774169921875,-19.90664101,-1940.332397,end
2023-11-29T15:24:49.006321,1,1325318,22:05.3,0,107.75920104980469,0.050980393,0,4,4858.452637,-2.833984375,1496.3138427734375,-17.25247765,-1711.718506,right start,,2023-11-29T15:24:51.605321,1,1327917,22:07.9,0,112.81501007080078,0.2862745225429535,0,4,5130.512695,-0.140165716,1435.799316,-16.06189537,-1662.069336,end
2023-11-29T15:24:55.135321,1,1331447,22:11.4,0,106.43931579589844,0,0,4,4792,-4.818548679,1352.623535,-13.73501492,-1590.117188,left start,,2023-11-29T15:24:56.361321,1,1332673,22:12.7,0,101.97977447509766,0,0,4,4593.217285,2.8925788402557373,1327.046142578125,-12.79526997,-1565.534912,end
2023-11-29T15:24:58.315321,1,1334627,22:14.6,0,95.20342254638672,0.058595996,0,4,4292.116211,3.689453125,1286.473145,-11.36516476,-1530.733154,right start,,2023-11-29T15:24:59.640321,1,1335952,22:16.0,0,96.65906524658203,0.2666666805744171,0,4,4400,-3.36936903,1258.6844482421875,-10.43037701,-1509.34314,end renzoku?
2023-11-29T15:25:30.984321,1,1367296,22:47.3,0,117.61384582519531,0.125490203,0,4,5312,1.0570580959320068,938.0377197265625,-1.0637604,-638.678894,right start,,2023-11-29T15:25:33.060321,1,1369372,22:49.4,0,115.38897705078125,0.16862745583057404,0,4,5216,-1.503750563,935.9763184,0.003903348,-571.6010742,end
2023-11-29T15:25:35.266321,1,1371578,22:51.6,0,107.83002471923828,0,0,4,4854.569336,-5.48828125,935.9760742,1.9835630655288696,-502.9299011,left start,,2023-11-29T15:25:36.301321,1,1372613,22:52.6,0,103.77191925048828,0,0,4,4672,9.8984375,937.9267578,2.968337297439575,-472.603241,end SlightCurve
2023-11-29T15:25:39.741321,1,1376053,22:56.1,0,103.95870208740234,0.23137255012989044,0,4,4720,-7.127698898,941.489502,5.455869197845459,-375.2287598,left start,,2023-11-29T15:25:40.828321,1,1377140,22:57.1,0,106.49942016601562,0.23529411852359772,0,4,4836,6.489247798919678,944.8718262,5.976830005645752,-343.6480408,end SlightCurve
2023-11-29T15:26:03.541321,1,1399853,23:19.9,0,108.6197738647461,0,0,4,4888,4.932828903198242,938.9342041015625,5.434513092041016,428.0852051,right start,,2023-11-29T15:26:04.247321,1,1400559,23:20.6,0,106.52010345458984,0,0,4,4796,-10.64250088,936.9869384765625,5.491879463195801,449.0905762,end
2023-11-29T15:26:06.343321,1,1402655,23:22.7,0,100.38377380371094,0,0,4,4520,6.091886997,935.2346191,5.675209999084473,509.2504883,right start,,2023-11-29T15:26:07.187321,1,1403499,23:23.5,0,98.03703308105469,0,0,4,4416.799805,-10.8828125,933.2980346679688,5.749313831329346,532.4076538085938,end
2023-11-29T15:26:10.479321,1,1406791,23:26.8,0,94.87840270996094,0.20000000298023224,0,4,4299.664551,0.7574751377105713,933.2855224609375,6.016157150268555,619.3870239257812,left start,,2023-11-29T15:26:12.773321,1,1409085,23:29.1,0,107.2136459350586,0.4431372582912445,0,4,4923.375,3.550161600112915,935.0992431640625,6.211650848388672,682.5892944335938,end
2023-11-29T15:26:26.493321,1,1422805,23:42.8,0,102.43364715576172,0,0,4,4614.030273,0.8800232410430908,933.7253418,7.029126167297363,1135.083984,right start,,2023-11-29T15:26:27.308321,1,1423620,23:43.6,0,99.90251922607422,0.054138459265232086,0,4,4504,-7.87109375,931.8922729492188,7.3948798179626465,1157.899658203125,end
2023-11-29T15:26:34.073321,1,1430385,23:50.4,0,107.98789978027344,0.16862745583057404,0,4,4884,-4.944546223,932.2565918,12.671234130859375,1347.9830322265625,left start,,2023-11-29T15:26:35.497321,1,1431809,23:51.8,0,108.28366088867188,0.24600613117218018,0,4,4916,3.734375,935.3919677734375,13.535452842712402,1390.5692138671875,end Curve
2023-11-29T15:26:43.556321,1,1439868,23:59.9,0,119.5878677368164,0,0,4,5383.890625,1.1129482984542847,977.3121337890625,13.19153881072998,1657.8145751953125,right start,,2023-11-29T15:26:44.612321,1,1440924,24:00.9,0,116.67570495605469,0,0,4,5248,-5.416389942,984.6820678710938,12.777709007263184,1691.6778564453125,end
2023-11-29T15:26:49.342321,1,1445654,24:05.7,0,119.51659393310547,0.14901961386203766,0,4,5388.972656,-2.474609375,1025.913818359375,10.926045417785645,1839.9998779296875,left start,,2023-11-29T15:26:51.130321,1,1447442,24:07.4,0,119.70169830322266,0.1568627506494522,0,4,5408,0.9400026798248291,1043.6361083984375,10.222210884094238,1896.7115478515625,end
2023-11-29T15:26:57.547321,1,1453859,24:13.9,0,111.92716217041016,0,0,4,5037.077148,3.689453125,1099.8663330078125,12.293414115905762,2100.497802734375,right start,,2023-11-29T15:26:58.567321,1,1454879,24:14.9,0,107.82334899902344,0,0,4,4852.866699,-8.7265625,1106.2503662109375,13.273335456848145,2130.963623046875,end
2023-11-29T15:27:04.871321,1,1461183,24:21.2,0,106.4950180053711,0.27450981736183167,0,4,4844.161133,-1.597413182,1154.0533447265625,18.89409828186035,2302.454102,left start,,2023-11-29T15:27:05.781321,1,1462093,24:22.1,0,109.67520904541016,0.30588236451148987,0,4,4998.741211,5.12890625,1163.0850830078125,19.760623931884766,2328.202148,end
2023-11-29T15:27:10.288321,1,1466600,24:26.6,0,105.15461730957031,0.027450980618596077,0,4,4735.443359,4.266913890838623,1199.954102,22.967430114746094,2461.754150390625,right start,,2023-11-29T15:27:11.956321,1,1468268,24:28.3,0,105.48074340820312,0.1764705926179886,0,4,4771.165039,-4.129502296,1210.979736328125,22.470552444458008,2509.104248046875,end
2023-11-29T15:27:15.634321,1,1471946,24:31.9,0,120.57160949707031,0.24705882370471954,0,4,5470.348145,-1.566401601,1241.869873046875,18.814523696899414,2620.171630859375,left start,,2023-11-29T15:27:17.127321,1,1473439,24:33.4,0,126.44309997558594,0.26274511218070984,0,4,5736.254883,2.87890625,1257.416016,17.111787796020508,2668.935547,end
2023-11-29T15:27:27.288321,1,1483600,24:43.6,0,107.43363189697266,0,0,4,4838.067871,-2.69921875,1357.619873046875,6.4137773513793945,2997.217773,right start,,2023-11-29T15:27:28.545321,1,1484857,24:44.9,0,104.36042785644531,0,0,4,4700,-9.4453125,1372.388184,5.972631931304932,3031.105957,end Curve
2023-11-29T15:27:31.808321,1,1488120,24:48.1,0,101.24929809570312,0.13333334028720856,0,4,4576,-7.387409687,1423.2198486328125,5.618643760681152,3107.973876953125,left start,,2023-11-29T15:27:33.303321,1,1489615,24:49.6,0,100.92830657958984,0.13333334028720856,0,4,4564,1.036629319190979,1452.2706298828125,5.485514163970947,3138.259766,end Curve
2023-11-29T15:27:44.743321,1,1501055,25:01.1,0,116.35462188720703,0,0,4,5236,-0.435015142,1769.313720703125,-3.498142242,3352.064453,right start,,2023-11-29T15:27:47.396321,1,1503708,25:03.7,0,111.82051086425781,0,0,4,5032,-0.899902344,1841.5391845703125,-6.788639069,3394.911376953125,end
2023-11-29T15:27:48.561321,1,1504873,25:04.9,0,109.9279785,0,0,4,4948,-2.158203125,1872.7911376953125,-8.200339317,3412.484130859375,left start,,2023-11-29T15:27:50.259321,1,1506571,25:06.6,0,107.00308990478516,0,0,4,4820,5.9478373527526855,1918.336914,-10.03537369,3435.796387,end mae to renzoku
2023-11-29T15:27:58.873321,1,1515185,25:15.2,0,100.96106719970703,0.1411764770746231,0,4,4564,-1.492885113,2131.646240234375,-6.971398354,3556.347656,right start,,2023-11-29T15:28:01.492321,1,1517804,25:17.8,0,100.78340148925781,0.193666473,0,4,4563.180176,0.8813828229904175,2194.464111328125,-6.517560005,3593.945801,end
2023-11-29T15:28:05.157321,1,1521469,25:21.5,0,107.85266876220703,0.15294118225574493,0,4,4876,-3.231076717,2287.683105,-7.160259247,3646.388916015625,left start,,2023-11-29T15:28:06.819321,1,1523131,25:23.1,0,108.21639251708984,0.1568627506494522,0,4,4892,2.4926750659942627,2332.05957,-7.473834991,3669.229492,end
2023-11-29T15:28:10.298321,1,1526610,25:26.6,0,107.03672790527344,0,0,4,4816.748535,3.515268087387085,2423.915527,-7.87302351,3721.171142578125,right start,,2023-11-29T15:28:11.889321,1,1528201,25:28.2,0,103.58153533935547,0.13725490868091583,0,4,4680,-4.453125,2463.41748,-7.935097218,3745.613037109375,end
2023-11-29T15:28:16.539321,1,1532851,25:32.9,0,100.61197662353516,0.10588235408067703,0,4,4544,0.854980469,2578.32666,-8.330015182,3810.358887,left start,,2023-11-29T15:28:20.970321,1,1537282,25:37.3,0,98.04775238,0.2666666805744171,0,4,4453.233887,1.3151850700378418,2685.367431640625,-8.736658096,3868.463623046875,end heta 
2023-11-29T15:28:26.657321,1,1542969,25:43.0,0,121.2747802734375,0.22745098173618317,0,4,5496,6.296875,2838.456298828125,-8.435272217,3955.544189453125,right start,,2023-11-29T15:28:28.134321,1,1544446,25:44.4,0,123.38108825683594,0.23137255012989044,0,4,5591.604492,-2.11328125,2880.597412109375,-7.570445061,3982.847656,end Curve
2023-11-29T15:28:32.210321,1,1548522,25:48.5,0,111.24496459960938,0,0,4,5008,1.2703715562820435,2993.182129,-5.197153568,4055.957031,left start,,2023-11-29T15:28:33.542321,1,1549854,25:49.9,0,106.59722137451172,0.086274512,0,4,4806.311035,5.71484375,3026.835205078125,-4.451983452,4078.102539,end Curve
2023-11-29T15:28:43.718321,1,1560030,26:00.0,0,113.36543273925781,0,0,4,5100,3.869140625,3260.115723,0.7616440057754517,4294.637695,right start,,2023-11-29T15:28:44.783321,1,1561095,26:01.1,0,110.00322723388672,0,0,4,4952,-4.649298191,3280.030029296875,0.8983705043792725,4321.003906,end Curve
2023-11-29T15:28:55.360321,1,1571672,26:11.7,0,105.50333404541016,0,0,4,4748.053223,-1.079101563,3472.725586,1.9653726816177368,4595.211426,left start,,2023-11-29T15:28:56.307321,1,1572619,26:12.6,0,102.87772369384766,0.098039217,0,4,4640,6.1691694259643555,3489.065185546875,2.053037166595459,4617.199707,end
2023-11-29T15:29:03.449321,1,1579761,26:19.8,0,113.52933502197266,0,0,4,5108,2.923828125,3609.577880859375,2.7622807025909424,4806.24707,right start,,2023-11-29T15:29:04.555321,1,1580867,26:20.9,0,110.14129638671875,0,0,4,4956.04248,-6.571680069,3626.379395,2.872509717941284,4836.223633,end
2023-11-29T15:29:06.345321,1,1582657,26:22.7,0,104.8180160522461,0,0,4,4718.943359,-0.179931641,3655.254150390625,3.0363683700561523,4881.12207,left start,,2023-11-29T15:29:08.980321,1,1585292,26:25.3,0,106.5212402,0.3294117748737335,0,4,4859.860352,1.3464674949645996,3697.441895,3.284541130065918,4943.553223,end renzoku kana\
